Region,Month of Period End,Median Sale Price,Median Sale Price MoM ,Median Sale Price YoY ,Homes Sold,Homes Sold MoM ,Homes Sold YoY ,New Listings,New Listings MoM ,New Listings YoY ,Inventory,Inventory MoM , Inventory YoY ,Days on Market,Days on Market MoM,Days on Market YoY,Average Sale To List,Average Sale To List MoM ,Average Sale To List YoY 
 National,Jan-12,$175K,-5.60%,-3.00%,"117,617",-21.30%,6.40%,"182,351",50.50%,-2.80%,"744,424",0.40%,-17.20%,88,1,-4,91.70%,-0.80%,0.00%
 National,Feb-12,$175K,0.40%,-0.60%,"125,842",7.00%,12.50%,"194,332",6.60%,5.30%,"751,585",1.00%,-16.70%,90,2,-6,91.40%,-0.30%,0.00%
 National,Mar-12,$186K,6.00%,3.10%,"161,670",28.50%,3.70%,"233,905",20.40%,-4.80%,"761,262",1.30%,-17.30%,86,-4,-9,92.80%,1.40%,1.50%
 National,Apr-12,$194K,4.70%,5.80%,"165,043",2.10%,7.30%,"227,630",-2.70%,-2.80%,"771,951",1.40%,-17.70%,74,-12,-13,92.90%,0.10%,0.60%
 National,May-12,$204K,4.70%,8.20%,"190,283",15.30%,15.80%,"227,709",0.00%,-0.50%,"771,404",-0.10%,-18.40%,66,-8,-15,93.30%,0.40%,2.10%
 National,Jun-12,$212K,4.10%,7.60%,"198,228",4.20%,7.70%,"215,680",-5.30%,-3.80%,"762,883",-1.10%,-18.80%,63,-3,-13,92.20%,-1.10%,0.90%
 National,Jul-12,$211K,-0.20%,7.10%,"185,436",-6.50%,14.60%,"202,856",-5.90%,2.40%,"747,731",-2.00%,-18.70%,62,-1,-14,93.00%,0.80%,1.60%
 National,Aug-12,$211K,-0.20%,9.00%,"199,348",7.50%,12.90%,"200,497",-1.20%,0.90%,"725,028",-3.00%,-18.60%,64,2,-14,92.30%,-0.70%,1.00%
 National,Sep-12,$208K,-1.60%,9.90%,"160,199",-19.60%,3.40%,"179,889",-10.30%,-1.40%,"710,513",-2.00%,-18.00%,66,2,-15,92.30%,0.00%,0.90%
 National,Oct-12,$206K,-0.90%,12.70%,"175,695",9.70%,23.40%,"182,590",1.50%,4.40%,"683,899",-3.70%,-18.60%,67,1,-17,92.50%,0.20%,-0.10%
 National,Nov-12,$210K,2.10%,12.70%,"161,839",-7.90%,18.20%,"145,387",-20.40%,-2.90%,"642,985",-6.00%,-19.90%,67,0,-18,93.70%,1.20%,2.20%
 National,Dec-12,$213K,1.30%,15.00%,"161,115",-0.40%,7.80%,"110,982",-23.70%,-8.40%,"588,327",-8.50%,-20.60%,69,2,-18,93.70%,-0.10%,1.10%
 National,Jan-13,$198K,-6.80%,13.50%,"138,418",-16.90%,13.00%,"190,671",65.00%,0.00%,"612,096",1.40%,-20.80%,73,5,-15,93.80%,-0.10%,1.80%
 National,Feb-13,$201K,1.30%,14.40%,"137,019",-1.00%,4.70%,"202,977",6.50%,0.30%,"632,020",3.30%,-18.90%,72,-1,-17,93.50%,-0.30%,1.80%
 National,Mar-13,$214K,6.60%,15.30%,"176,052",28.50%,4.90%,"235,259",15.90%,-2.90%,"647,624",2.50%,-17.70%,66,-6,-19,93.40%,-0.10%,0.30%
 National,Apr-13,$223K,4.00%,14.60%,"196,398",11.60%,15.00%,"269,710",14.60%,14.80%,"678,545",4.80%,-14.80%,57,-9,-16,93.80%,0.50%,0.80%
 National,May-13,$234K,5.10%,15.20%,"219,169",11.60%,11.20%,"277,571",2.90%,18.10%,"704,920",3.90%,-11.30%,50,-7,-16,94.10%,0.20%,0.60%
 National,Jun-13,$241K,3.30%,14.40%,"221,054",0.70%,7.80%,"254,573",-8.50%,14.20%,"722,380",2.20%,-8.20%,49,-1,-13,94.40%,0.40%,2.00%
 National,Jul-13,$242K,0.40%,14.90%,"234,085",5.90%,22.10%,"254,741",0.10%,21.50%,"732,117",1.30%,-4.90%,49,0,-13,94.30%,-0.10%,1.10%
 National,Aug-13,$241K,-0.50%,14.40%,"230,060",-2.20%,11.70%,"242,480",-5.20%,16.60%,"736,412",0.00%,-1.60%,50,1,-14,94.20%,-0.20%,1.70%
 National,Sep-13,$234K,-3.00%,12.80%,"193,010",-16.10%,16.60%,"219,672",-9.40%,17.60%,"739,142",0.40%,0.80%,54,4,-11,94.10%,-0.10%,1.60%
 National,Oct-13,$232K,-0.50%,13.10%,"196,762",1.90%,8.00%,"216,673",-1.40%,13.70%,"731,275",-1.10%,3.40%,56,2,-10,94.20%,0.10%,1.50%
 National,Nov-13,$232K,-0.20%,10.60%,"164,182",-16.80%,-2.60%,"162,975",-24.90%,6.90%,"696,840",-5.00%,4.40%,60,4,-6,94.00%,-0.20%,0.10%
 National,Dec-13,$233K,0.40%,9.60%,"175,793",7.10%,4.60%,"123,337",-24.30%,5.70%,"636,316",-8.70%,4.10%,63,3,-5,93.80%,-0.20%,-0.10%
 National,Jan-14,$218K,-4.50%,13.10%,"144,080",-22.50%,-3.00%,"205,207",55.60%,-3.10%,"684,085",1.50%,4.10%,70,7,-2,93.90%,0.00%,-0.10%
 National,Feb-14,$219K,0.40%,12.10%,"140,527",-2.50%,-4.40%,"215,893",5.20%,-0.40%,"702,126",2.60%,3.40%,73,3,1,93.20%,-0.70%,-0.40%
 National,Mar-14,$229K,4.50%,9.70%,"177,831",26.50%,-5.70%,"270,636",25.40%,7.50%,"732,247",4.30%,5.10%,66,-7,-1,93.50%,0.30%,-0.10%
 National,Apr-14,$235K,2.80%,8.20%,"203,936",14.30%,-3.30%,"299,479",10.20%,3.50%,"765,166",3.90%,4.30%,58,-8,1,93.90%,0.30%,-0.20%
 National,May-14,$241K,2.50%,5.60%,"226,524",11.10%,-3.90%,"313,348",4.60%,5.30%,"808,186",5.60%,6.10%,51,-7,0,93.90%,0.10%,-0.40%
 National,Jun-14,$249K,3.40%,5.60%,"241,356",6.50%,1.80%,"294,132",-6.10%,7.90%,"836,095",3.50%,7.80%,47,-4,-2,94.00%,0.00%,-0.70%
 National,Jul-14,$250K,0.30%,5.30%,"244,432",1.30%,-2.60%,"285,703",-2.90%,4.70%,"863,780",3.30%,10.00%,46,-1,-4,94.20%,0.20%,-0.40%
 National,Aug-14,$247K,-1.30%,4.70%,"237,611",-2.80%,-3.30%,"255,744",-10.50%,-1.00%,"856,863",-0.80%,9.20%,49,3,-2,94.00%,-0.20%,-0.40%
 National,Sep-14,$240K,-2.50%,5.30%,"203,783",-14.20%,-1.40%,"249,635",-2.40%,6.90%,"855,551",-0.20%,8.60%,54,5,0,93.70%,-0.30%,-0.60%
 National,Oct-14,$240K,-0.30%,5.40%,"218,591",7.30%,4.00%,"245,078",-1.80%,6.30%,"850,570",-0.60%,9.10%,59,5,3,93.90%,0.20%,-0.40%
 National,Nov-14,$240K,0.00%,5.60%,"170,387",-22.10%,-2.50%,"176,948",-27.80%,2.10%,"800,762",-5.90%,7.90%,62,3,2,93.90%,0.00%,-0.20%
 National,Dec-14,$240K,0.00%,5.10%,"201,762",18.40%,8.10%,"145,496",-17.80%,9.80%,"729,106",-8.90%,7.40%,65,3,2,93.80%,-0.10%,-0.20%
 National,Jan-15,$230K,-3.90%,5.80%,"141,835",-30.30%,-2.60%,"230,135",56.80%,10.60%,"749,802",1.70%,7.70%,73,8,2,93.70%,-0.10%,-0.20%
 National,Feb-15,$232K,1.00%,6.50%,"148,978",5.00%,4.70%,"235,378",2.30%,7.60%,"758,427",1.20%,6.10%,74,1,1,93.50%,-0.20%,0.20%
 National,Mar-15,$243K,4.40%,6.40%,"208,935",40.20%,16.10%,"314,148",33.50%,14.60%,"787,506",3.80%,5.70%,67,-7,1,93.90%,0.40%,0.40%
 National,Apr-15,$252K,3.60%,7.20%,"228,680",9.50%,11.30%,"346,596",10.30%,14.70%,"833,234",5.80%,7.70%,56,-11,-2,94.50%,0.50%,0.60%
 National,May-15,$258K,2.80%,7.50%,"246,584",7.30%,7.50%,"344,222",-1.40%,8.50%,"887,426",5.60%,7.90%,49,-7,-3,94.50%,0.10%,0.60%
 National,Jun-15,$263K,1.80%,5.80%,"291,567",18.20%,19.30%,"338,176",-1.80%,13.60%,"897,460",1.10%,5.50%,45,-4,-3,94.90%,0.30%,0.90%
 National,Jul-15,$260K,-1.00%,4.40%,"301,033",3.20%,21.50%,"324,709",-4.00%,12.20%,"901,986",0.50%,2.70%,46,1,0,94.90%,0.00%,0.60%
 National,Aug-15,$260K,0.20%,5.90%,"246,321",-18.20%,2.40%,"290,326",-10.60%,12.10%,"888,879",-1.50%,2.00%,47,1,-3,94.20%,-0.70%,0.20%
 National,Sep-15,$256K,-1.50%,7.00%,"218,311",-11.40%,5.80%,"274,788",-5.40%,8.60%,"876,805",-1.40%,0.70%,50,3,-5,94.10%,-0.10%,0.40%
 National,Oct-15,$251K,-2.10%,5.00%,"230,057",5.40%,3.90%,"261,788",-5.20%,4.90%,"855,501",-2.90%,-1.60%,54,4,-6,94.40%,0.30%,0.50%
 National,Nov-15,$252K,0.50%,5.60%,"181,662",-21.00%,5.30%,"201,186",-23.10%,11.60%,"805,242",-5.90%,-1.70%,56,2,-6,94.20%,-0.30%,0.20%
 National,Dec-15,$256K,1.30%,7.00%,"224,810",23.80%,10.00%,"156,642",-22.10%,5.60%,"736,201",-8.60%,-1.40%,59,3,-7,94.00%,-0.20%,0.20%
 National,Jan-16,$244K,-4.60%,6.00%,"162,117",-28.80%,12.60%,"236,378",48.60%,-0.60%,"757,120",0.50%,-2.60%,66,6,-7,94.00%,0.00%,0.30%
 National,Feb-16,$244K,-0.10%,4.90%,"167,847",3.50%,11.10%,"276,814",16.60%,13.90%,"781,961",2.80%,-1.20%,68,2,-6,93.50%,-0.50%,0.00%
 National,Mar-16,$254K,4.40%,5.00%,"223,905",33.40%,5.70%,"348,891",26.00%,7.60%,"814,733",4.20%,-1.00%,60,-8,-7,94.20%,0.60%,0.20%
 National,Apr-16,$264K,3.80%,5.20%,"236,935",5.80%,2.10%,"359,376",3.00%,0.00%,"847,570",4.00%,-2.70%,50,-10,-6,94.60%,0.50%,0.10%
 National,May-16,$270K,2.20%,4.60%,"266,892",12.60%,7.00%,"350,280",-2.50%,-1.00%,"861,869",1.70%,-6.20%,44,-6,-6,94.90%,0.30%,0.30%
 National,Jun-16,$277K,2.80%,5.60%,"302,671",13.40%,2.60%,"352,164",0.50%,1.40%,"878,381",1.90%,-5.50%,42,-2,-4,95.20%,0.30%,0.30%
 National,Jul-16,$275K,-0.60%,6.00%,"268,006",-11.50%,-12.20%,"318,325",-9.60%,-4.50%,"886,377",0.90%,-5.10%,42,0,-4,94.90%,-0.30%,0.10%
 National,Aug-16,$272K,-1.20%,4.50%,"287,010",7.10%,15.00%,"309,217",-2.90%,3.80%,"865,464",-2.40%,-5.90%,44,2,-4,94.80%,-0.20%,0.50%
 National,Sep-16,$268K,-1.40%,4.50%,"254,168",-11.40%,15.00%,"286,736",-7.30%,1.80%,"856,830",-1.00%,-5.50%,46,2,-4,94.60%,-0.20%,0.50%
 National,Oct-16,$269K,0.30%,7.20%,"231,921",-8.80%,-0.70%,"252,265",-12.00%,-5.50%,"822,047",-4.10%,-6.60%,49,3,-5,94.60%,0.00%,0.10%
 National,Nov-16,$271K,0.80%,7.60%,"219,528",-5.30%,19.10%,"208,535",-17.30%,1.60%,"763,671",-7.10%,-7.80%,51,2,-5,94.60%,0.00%,0.40%
 National,Dec-16,$269K,-1.00%,5.10%,"228,634",4.10%,0.30%,"154,045",-26.10%,-3.60%,"676,392",-11.40%,-10.70%,54,3,-6,94.40%,-0.20%,0.30%
 National,Jan-17,$260K,-3.10%,6.70%,"174,913",-23.50%,7.90%,"236,795",53.70%,-0.30%,"677,019",0.10%,-11.00%,59,5,-7,94.50%,0.10%,0.50%
 National,Feb-17,$261K,0.30%,7.20%,"170,532",-2.50%,1.60%,"261,459",10.40%,-5.50%,"693,062",2.40%,-11.40%,60,1,-8,94.20%,-0.30%,0.70%
 National,Mar-17,$273K,4.40%,7.20%,"243,633",42.90%,8.80%,"348,887",33.40%,0.00%,"722,814",4.30%,-11.30%,49,-11,-11,94.70%,0.50%,0.50%
 National,Apr-17,$280K,2.80%,6.20%,"239,771",-1.60%,1.20%,"327,831",-6.00%,-8.80%,"734,797",1.70%,-13.30%,40,-9,-10,95.00%,0.40%,0.40%
"Boston, MA metro area",Jan-12,$269K,-3.60%,-1.10%,"2,820",-32.70%,3.30%,"4,932",78.80%,13.80%,"24,533",1.70%,-1.80%,132,5,4,95.30%,-0.20%,-0.30%
"Boston, MA metro area",Feb-12,$255K,-5.20%,-1.90%,"2,876",2.00%,29.20%,"6,279",27.30%,32.20%,"26,434",7.70%,2.40%,142,10,0,95.10%,-0.10%,0.00%
"Boston, MA metro area",Mar-12,$270K,5.90%,1.30%,"3,859",34.20%,16.80%,"9,074",44.50%,0.50%,"29,886",13.10%,0.80%,142,0,-5,95.70%,0.50%,0.30%
"Boston, MA metro area",Apr-12,$285K,5.40%,2.30%,"4,215",9.20%,14.80%,"8,667",-4.50%,-6.60%,"32,420",8.50%,-2.90%,113,-29,-14,96.30%,0.70%,0.60%
"Boston, MA metro area",May-12,$310K,9.00%,3.30%,"5,425",28.70%,28.60%,"8,127",-6.20%,-6.80%,"33,354",2.90%,-6.80%,93,-20,-7,96.80%,0.50%,0.60%
"Boston, MA metro area",Jun-12,$337K,8.70%,2.90%,"6,678",23.10%,19.60%,"6,986",-14.00%,-10.90%,"31,867",-4.50%,-10.70%,92,-1,-1,97.00%,0.20%,0.70%
"Boston, MA metro area",Jul-12,$330K,-2.10%,2.30%,"5,946",-11.00%,22.40%,"5,900",-15.50%,-1.70%,"30,211",-5.20%,-12.50%,95,3,-1,97.00%,0.10%,0.80%
"Boston, MA metro area",Aug-12,$320K,-3.00%,1.30%,"6,535",9.90%,27.20%,"5,674",-3.80%,-3.10%,"27,784",-8.00%,-15.10%,102,7,-3,96.90%,-0.10%,0.90%
"Boston, MA metro area",Sep-12,$300K,-6.30%,1.70%,"4,434",-32.10%,5.90%,"6,693",18.00%,-1.40%,"28,042",0.90%,-14.10%,105,3,-14,96.70%,-0.20%,0.90%
"Boston, MA metro area",Oct-12,$290K,-3.30%,5.50%,"4,509",1.70%,23.50%,"5,476",-18.20%,0.60%,"26,679",-4.90%,-15.00%,106,1,-18,96.80%,0.20%,1.40%
"Boston, MA metro area",Nov-12,$300K,3.40%,7.10%,"5,040",11.80%,35.00%,"3,687",-32.70%,-4.90%,"23,202",-13.00%,-17.60%,102,-4,-20,96.70%,-0.10%,1.20%
"Boston, MA metro area",Dec-12,$306K,2.00%,9.70%,"4,668",-7.40%,11.40%,"2,304",-37.50%,-16.50%,"19,269",-17.00%,-20.10%,105,3,-22,96.60%,-0.10%,1.20%
"Boston, MA metro area",Jan-13,$284K,-7.40%,5.40%,"3,343",-28.40%,18.50%,"4,816",109.00%,-2.40%,"19,422",0.80%,-20.80%,119,14,-13,96.60%,0.00%,1.40%
"Boston, MA metro area",Feb-13,$280K,-1.20%,9.80%,"2,819",-15.70%,-2.00%,"5,148",6.90%,-18.00%,"20,782",7.00%,-21.40%,127,8,-15,96.50%,-0.10%,1.40%
"Boston, MA metro area",Mar-13,$290K,3.60%,7.40%,"3,804",34.90%,-1.40%,"7,137",38.60%,-21.30%,"22,991",10.60%,-23.10%,118,-9,-24,96.90%,0.30%,1.20%
"Boston, MA metro area",Apr-13,$315K,8.60%,10.70%,"4,420",16.20%,4.90%,"9,979",39.80%,15.10%,"27,167",18.20%,-16.20%,88,-30,-25,97.60%,0.70%,1.30%
"Boston, MA metro area",May-13,$328K,4.10%,5.80%,"5,975",35.20%,10.10%,"9,907",-0.70%,21.90%,"29,643",9.10%,-11.10%,79,-9,-14,98.10%,0.50%,1.30%
"Boston, MA metro area",Jun-13,$355K,8.20%,5.30%,"6,892",15.30%,3.20%,"7,903",-20.20%,13.10%,"29,397",-0.80%,-7.80%,78,-1,-14,98.60%,0.50%,1.60%
"Boston, MA metro area",Jul-13,$355K,0.00%,7.60%,"7,348",6.60%,23.60%,"6,663",-15.70%,12.90%,"27,572",-6.20%,-8.70%,80,2,-15,98.60%,0.00%,1.50%
"Boston, MA metro area",Aug-13,$355K,-0.10%,10.80%,"7,265",-1.10%,11.20%,"6,353",-4.70%,12.00%,"25,699",-6.80%,-7.50%,81,1,-21,98.40%,-0.20%,1.50%
"Boston, MA metro area",Sep-13,$330K,-6.90%,10.00%,"5,375",-26.00%,21.20%,"7,456",17.40%,11.40%,"26,211",2.00%,-6.50%,87,6,-18,97.90%,-0.50%,1.30%
"Boston, MA metro area",Oct-13,$325K,-1.50%,12.10%,"5,148",-4.20%,14.20%,"6,322",-15.20%,15.40%,"25,377",-3.20%,-4.90%,83,-4,-23,97.90%,-0.10%,1.00%
"Boston, MA metro area",Nov-13,$324K,-0.20%,8.10%,"4,788",-7.00%,-5.00%,"3,917",-38.00%,6.20%,"22,538",-11.20%,-2.90%,83,0,-19,97.70%,-0.20%,1.00%
"Boston, MA metro area",Dec-13,$329K,1.40%,7.50%,"4,886",2.00%,4.70%,"2,413",-38.40%,4.70%,"18,262",-19.00%,-5.20%,88,5,-17,97.40%,-0.30%,0.80%
"Boston, MA metro area",Jan-14,$323K,-1.90%,13.80%,"3,410",-30.20%,2.00%,"4,325",79.20%,-10.20%,"18,079",-1.00%,-6.90%,103,15,-16,97.20%,-0.20%,0.60%
"Boston, MA metro area",Feb-14,$300K,-7.10%,7.10%,"2,714",-20.40%,-3.70%,"5,154",19.20%,0.10%,"19,553",8.20%,-5.90%,115,12,-12,97.20%,0.00%,0.60%
"Boston, MA metro area",Mar-14,$320K,6.70%,10.30%,"3,644",34.30%,-4.20%,"7,568",46.80%,6.00%,"22,457",14.90%,-2.30%,104,-11,-14,97.80%,0.60%,0.90%
"Boston, MA metro area",Apr-14,$330K,3.10%,4.70%,"4,330",18.80%,-2.00%,"9,576",26.50%,-4.00%,"26,434",17.70%,-2.70%,80,-24,-8,98.20%,0.40%,0.60%
"Boston, MA metro area",May-14,$350K,6.10%,6.70%,"5,645",30.40%,-5.50%,"9,903",3.40%,0.00%,"29,491",11.60%,-0.50%,75,-5,-4,98.80%,0.60%,0.70%
"Boston, MA metro area",Jun-14,$374K,7.00%,5.40%,"6,920",22.60%,0.40%,"8,659",-12.60%,9.60%,"29,690",0.70%,1.00%,75,0,-3,98.90%,0.20%,0.40%
"Boston, MA metro area",Jul-14,$370K,-1.20%,4.20%,"6,995",1.10%,-4.80%,"7,062",-18.40%,6.00%,"28,403",-4.30%,3.00%,75,0,-5,98.70%,-0.20%,0.20%
"Boston, MA metro area",Aug-14,$360K,-2.70%,1.60%,"6,683",-4.50%,-8.00%,"5,905",-16.40%,-7.10%,"26,311",-7.40%,2.40%,78,3,-3,98.50%,-0.20%,0.10%
"Boston, MA metro area",Sep-14,$335K,-6.90%,1.50%,"5,112",-23.50%,-4.90%,"7,448",26.10%,-0.10%,"26,565",1.00%,1.40%,85,7,-2,97.90%,-0.60%,0.00%
"Boston, MA metro area",Oct-14,$330K,-1.50%,1.50%,"5,338",4.40%,3.70%,"6,344",-14.80%,0.30%,"25,515",-4.00%,0.50%,85,0,2,97.70%,-0.20%,-0.10%
"Boston, MA metro area",Nov-14,$340K,3.00%,4.80%,"4,466",-16.30%,-6.70%,"3,651",-42.40%,-6.80%,"22,389",-12.30%,-0.70%,83,-2,0,97.70%,-0.10%,0.00%
"Boston, MA metro area",Dec-14,$345K,1.50%,4.90%,"5,166",15.70%,5.70%,"2,522",-30.90%,4.50%,"17,568",-21.50%,-3.80%,90,7,2,97.50%,-0.10%,0.10%
"Boston, MA metro area",Jan-15,$345K,0.00%,6.90%,"3,231",-37.50%,-5.20%,"3,865",53.30%,-10.60%,"16,839",-4.10%,-6.90%,104,14,1,97.50%,-0.10%,0.30%
"Boston, MA metro area",Feb-15,$326K,-5.60%,8.50%,"2,724",-15.70%,0.40%,"3,258",-15.70%,-36.80%,"14,460",-14.10%,-26.00%,113,9,-2,97.30%,-0.20%,0.10%
"Boston, MA metro area",Mar-15,$325K,-0.20%,1.60%,"3,476",27.60%,-4.60%,"7,057",116.60%,-6.80%,"13,230",-8.50%,-41.10%,104,-9,0,97.70%,0.40%,-0.10%
"Boston, MA metro area",Apr-15,$338K,4.00%,2.50%,"3,929",13.00%,-9.30%,"10,786",52.80%,12.60%,"15,466",16.90%,-41.50%,62,-42,-18,98.30%,0.60%,0.10%
"Boston, MA metro area",May-15,$360K,6.50%,2.90%,"5,329",35.60%,-5.60%,"11,003",2.00%,11.10%,"17,568",13.60%,-40.40%,17,-45,-58,99.00%,0.70%,0.20%
"Boston, MA metro area",Jun-15,$380K,5.60%,1.50%,"7,701",44.50%,11.30%,"9,895",-10.10%,14.30%,"18,126",3.20%,-38.90%,12,-5,-63,99.50%,0.60%,0.60%
"Boston, MA metro area",Jul-15,$380K,0.00%,2.70%,"8,375",8.80%,19.70%,"7,710",-22.10%,9.20%,"17,952",-1.00%,-36.80%,14,2,-61,99.40%,-0.10%,0.70%
"Boston, MA metro area",Aug-15,$377K,-0.70%,4.80%,"7,280",-13.10%,8.90%,"6,924",-10.20%,17.30%,"17,731",-1.20%,-32.60%,19,5,-59,99.10%,-0.30%,0.50%
"Boston, MA metro area",Sep-15,$350K,-7.20%,4.50%,"5,991",-17.70%,17.20%,"8,336",20.40%,11.90%,"18,748",5.70%,-29.40%,25,6,-60,98.50%,-0.60%,0.50%
"Boston, MA metro area",Oct-15,$344K,-1.70%,4.20%,"5,797",-3.20%,8.60%,"6,800",-18.40%,7.20%,"17,583",-6.20%,-31.10%,28,3,-57,98.20%,-0.30%,0.40%
"Boston, MA metro area",Nov-15,$356K,3.60%,4.80%,"4,812",-17.00%,7.70%,"4,323",-36.40%,18.40%,"15,039",-14.50%,-32.80%,29,1,-54,98.20%,0.00%,0.50%
"Boston, MA metro area",Dec-15,$350K,-1.80%,1.40%,"5,920",23.00%,14.60%,"2,831",-34.50%,12.30%,"12,128",-19.40%,-31.00%,32,3,-58,98.00%,-0.20%,0.50%
"Boston, MA metro area",Jan-16,$349K,-0.30%,1.20%,"4,015",-32.20%,24.30%,"4,368",54.30%,13.00%,"11,557",-4.70%,-31.40%,40,8,-64,97.80%,-0.20%,0.40%
"Boston, MA metro area",Feb-16,$320K,-8.30%,-1.70%,"3,304",-17.70%,21.30%,"5,208",19.20%,59.90%,"11,328",-2.00%,-21.70%,55,15,-58,97.50%,-0.30%,0.20%
"Boston, MA metro area",Mar-16,$345K,7.80%,6.20%,"4,329",31.00%,24.50%,"9,072",74.20%,28.60%,"13,032",15.00%,-1.50%,40,-15,-64,98.50%,0.90%,0.80%
"Boston, MA metro area",Apr-16,$360K,4.30%,6.50%,"4,812",11.20%,22.50%,"9,129",0.60%,-15.40%,"13,905",6.70%,-10.10%,21,-19,-41,99.00%,0.60%,0.70%
"Boston, MA metro area",May-16,$370K,2.80%,2.80%,"6,046",25.60%,13.50%,"9,213",0.90%,-16.30%,"14,221",2.30%,-19.10%,14,-7,-3,99.60%,0.60%,0.60%
"Boston, MA metro area",Jun-16,$395K,6.80%,3.90%,"8,318",37.60%,8.00%,"9,145",-0.70%,-7.60%,"14,859",4.50%,-18.00%,12,-2,0,99.80%,0.20%,0.30%
"Boston, MA metro area",Jul-16,$397K,0.50%,4.50%,"7,148",-14.10%,-14.70%,"6,855",-25.00%,-11.10%,"14,590",-1.80%,-18.70%,13,1,-1,99.80%,0.00%,0.40%
"Boston, MA metro area",Aug-16,$390K,-1.80%,3.40%,"7,766",8.60%,6.70%,"6,579",-4.00%,-5.00%,"13,947",-4.40%,-21.30%,16,3,-3,99.60%,-0.20%,0.60%
"Boston, MA metro area",Sep-16,$369K,-5.30%,5.60%,"6,236",-19.70%,4.10%,"7,957",20.90%,-4.50%,"14,971",7.30%,-20.10%,20,4,-5,99.20%,-0.40%,0.70%
"Boston, MA metro area",Oct-16,$360K,-2.60%,4.70%,"5,426",-13.00%,-6.40%,"6,072",-23.70%,-10.70%,"13,873",-7.30%,-21.10%,21,1,-7,99.00%,-0.20%,0.80%
"Boston, MA metro area",Nov-16,$375K,4.20%,5.20%,"5,680",4.70%,18.00%,"4,294",-29.30%,-0.70%,"11,758",-15.20%,-21.80%,20,-1,-9,99.20%,0.20%,0.90%
"Boston, MA metro area",Dec-16,$370K,-1.30%,5.70%,"5,748",1.20%,-2.90%,"2,510",-41.50%,-11.30%,"9,417",-19.90%,-22.40%,27,7,-5,98.80%,-0.30%,0.80%
"Boston, MA metro area",Jan-17,$370K,0.00%,6.00%,"4,143",-27.90%,3.20%,"4,442",77.00%,1.70%,"9,034",-4.10%,-21.80%,34,7,-6,98.50%,-0.30%,0.70%
"Boston, MA metro area",Feb-17,$344K,-7.00%,7.60%,"3,054",-26.30%,-7.60%,"4,664",5.00%,-10.40%,"8,914",-1.30%,-21.30%,40,6,-15,98.70%,0.20%,1.20%
"Boston, MA metro area",Mar-17,$369K,7.00%,6.80%,"4,501",47.40%,4.00%,"8,033",72.20%,-11.50%,"9,760",9.50%,-25.10%,24,-16,-16,99.30%,0.60%,0.90%
"Boston, MA metro area",Apr-17,$380K,3.10%,5.60%,"4,371",-2.90%,-9.20%,"8,240",2.60%,-9.70%,"10,608",8.70%,-23.70%,14,-10,-7,100.00%,0.70%,1.00%
"Chicago, IL metro area",Jan-12,$138K,-5.00%,-13.90%,"6,006",-10.90%,17.40%,"9,964",55.80%,-7.00%,"54,533",0.20%,-14.90%,124,-3,0,94.20%,0.30%,0.00%
"Chicago, IL metro area",Feb-12,$132K,-4.10%,-8.20%,"5,044",-16.00%,23.90%,"11,864",19.10%,11.00%,"56,352",3.30%,-13.70%,133,9,10,94.00%,-0.10%,-0.20%
"Chicago, IL metro area",Mar-12,$141K,6.80%,-4.70%,"6,701",32.90%,9.70%,"14,310",20.60%,-5.20%,"58,304",3.50%,-13.80%,134,1,7,94.50%,0.40%,0.10%
"Chicago, IL metro area",Apr-12,$155K,9.90%,-3.10%,"6,779",1.20%,17.00%,"13,744",-4.00%,0.10%,"59,870",2.70%,-13.30%,126,-8,-8,94.60%,0.20%,0.20%
"Chicago, IL metro area",May-12,$160K,3.20%,2.60%,"8,322",22.80%,19.50%,"13,932",1.40%,0.70%,"60,285",0.70%,-14.50%,109,-17,-16,95.10%,0.40%,0.70%
"Chicago, IL metro area",Jun-12,$175K,9.40%,2.90%,"9,481",13.90%,17.70%,"13,268",-4.80%,1.80%,"59,651",-1.10%,-14.80%,96,-13,-20,95.30%,0.20%,0.90%
"Chicago, IL metro area",Jul-12,$172K,-1.70%,-3.90%,"9,251",-2.40%,32.00%,"12,309",-7.20%,6.30%,"58,776",-1.50%,-14.60%,97,1,-16,95.50%,0.10%,1.10%
"Chicago, IL metro area",Aug-12,$170K,-1.50%,-3.10%,"10,031",8.40%,21.30%,"11,848",-3.70%,1.20%,"56,523",-3.80%,-15.70%,98,1,-16,95.50%,0.00%,1.30%
"Chicago, IL metro area",Sep-12,$163K,-3.80%,1.90%,"8,371",-16.50%,24.80%,"10,660",-10.00%,3.60%,"55,174",-2.40%,-14.90%,97,-1,-19,95.50%,0.00%,1.30%
"Chicago, IL metro area",Oct-12,$152K,-6.70%,-0.30%,"9,530",13.80%,56.50%,"10,648",-0.10%,9.00%,"52,391",-5.00%,-15.90%,103,6,-22,95.40%,-0.10%,1.50%
"Chicago, IL metro area",Nov-12,$154K,1.30%,2.70%,"8,042",-15.60%,34.80%,"8,173",-23.20%,-1.90%,"48,268",-7.90%,-18.60%,103,0,-21,95.50%,0.10%,1.70%
"Chicago, IL metro area",Dec-12,$150K,-2.60%,3.40%,"8,127",1.10%,20.60%,"6,565",-19.70%,2.70%,"43,756",-9.30%,-19.60%,104,1,-23,95.50%,0.00%,1.60%
"Chicago, IL metro area",Jan-13,$145K,-3.30%,5.30%,"8,103",-0.30%,34.90%,"11,213",70.80%,12.50%,"44,507",1.70%,-18.40%,105,1,-19,95.50%,0.00%,1.40%
"Chicago, IL metro area",Feb-13,$135K,-6.90%,2.30%,"6,280",-22.50%,24.50%,"11,877",5.90%,0.10%,"46,236",3.90%,-18.00%,107,2,-26,96.00%,0.50%,2.00%
"Chicago, IL metro area",Mar-13,$145K,7.40%,2.80%,"7,445",18.60%,11.10%,"13,431",13.10%,-6.10%,"47,367",2.40%,-18.80%,103,-4,-31,96.00%,0.00%,1.50%
"Chicago, IL metro area",Apr-13,$160K,10.30%,3.20%,"9,431",26.70%,39.10%,"15,923",18.60%,15.90%,"49,871",5.30%,-16.70%,91,-12,-35,96.60%,0.60%,2.00%
"Chicago, IL metro area",May-13,$173K,8.10%,8.10%,"10,278",9.00%,23.50%,"15,879",-0.30%,14.00%,"51,207",2.70%,-15.10%,81,-10,-28,97.00%,0.40%,1.90%
"Chicago, IL metro area",Jun-13,$191K,10.40%,9.10%,"10,679",3.90%,12.60%,"15,040",-5.30%,13.40%,"51,602",0.80%,-13.50%,77,-4,-19,97.10%,0.20%,1.80%
"Chicago, IL metro area",Jul-13,$200K,4.70%,16.30%,"13,005",21.80%,40.60%,"14,603",-2.90%,18.60%,"51,082",-1.00%,-13.10%,75,-2,-22,97.50%,0.40%,2.10%
"Chicago, IL metro area",Aug-13,$195K,-2.50%,15.00%,"12,875",-1.00%,28.40%,"13,825",-5.30%,16.70%,"49,556",-3.00%,-12.30%,74,-1,-24,97.40%,-0.10%,1.90%
"Chicago, IL metro area",Sep-13,$186K,-4.60%,14.10%,"10,548",-18.10%,26.00%,"12,277",-11.20%,15.20%,"48,936",-1.30%,-11.30%,75,1,-22,97.30%,-0.10%,1.80%
"Chicago, IL metro area",Oct-13,$180K,-3.20%,18.40%,"12,167",15.30%,27.70%,"11,370",-7.40%,6.80%,"47,000",-4.00%,-10.30%,75,0,-28,97.10%,-0.20%,1.70%
"Chicago, IL metro area",Nov-13,$172K,-4.40%,11.70%,"8,482",-30.30%,5.50%,"8,358",-26.50%,2.30%,"41,335",-12.10%,-14.40%,80,5,-23,96.90%,-0.30%,1.30%
"Chicago, IL metro area",Dec-13,$175K,1.70%,16.70%,"8,632",1.80%,6.20%,"6,805",-18.60%,3.70%,"37,111",-10.20%,-15.20%,78,-2,-26,97.00%,0.10%,1.50%
"Chicago, IL metro area",Jan-14,$165K,-5.70%,13.80%,"7,893",-8.60%,-2.60%,"9,382",37.90%,-16.30%,"37,082",-0.10%,-16.70%,82,4,-23,96.80%,-0.20%,1.20%
"Chicago, IL metro area",Feb-14,$155K,-6.10%,14.80%,"6,019",-23.70%,-4.20%,"11,194",19.30%,-5.80%,"39,106",5.50%,-15.40%,87,5,-20,96.80%,0.00%,0.80%
"Chicago, IL metro area",Mar-14,$167K,7.70%,15.20%,"7,062",17.30%,-5.10%,"14,852",32.70%,10.60%,"42,250",8.00%,-10.80%,89,2,-14,96.80%,0.00%,0.90%
"Chicago, IL metro area",Apr-14,$180K,7.80%,12.50%,"9,393",33.00%,-0.40%,"17,403",17.20%,9.30%,"46,450",9.90%,-6.90%,73,-16,-18,97.00%,0.20%,0.40%
"Chicago, IL metro area",May-14,$195K,8.30%,12.70%,"9,939",5.80%,-3.30%,"17,418",0.10%,9.70%,"49,377",6.30%,-3.60%,64,-9,-17,97.10%,0.10%,0.20%
"Chicago, IL metro area",Jun-14,$215K,10.30%,12.60%,"10,788",8.50%,1.00%,"16,546",-5.00%,10.00%,"51,972",5.30%,0.70%,63,-1,-14,97.40%,0.30%,0.20%
"Chicago, IL metro area",Jul-14,$215K,0.00%,7.50%,"11,535",6.90%,-11.30%,"15,353",-7.20%,5.10%,"53,613",3.20%,5.00%,61,-2,-14,97.30%,-0.10%,-0.20%
"Chicago, IL metro area",Aug-14,$215K,0.00%,10.30%,"12,653",9.70%,-1.70%,"13,394",-12.80%,-3.10%,"52,958",-1.20%,6.90%,63,2,-11,97.00%,-0.30%,-0.40%
"Chicago, IL metro area",Sep-14,$198K,-7.90%,6.50%,"8,515",-32.70%,-19.30%,"13,036",-2.70%,6.20%,"52,686",-0.50%,7.70%,69,6,-6,96.70%,-0.30%,-0.60%
"Chicago, IL metro area",Oct-14,$189K,-4.50%,5.00%,"11,203",31.60%,-7.90%,"11,561",-11.30%,1.70%,"50,283",-4.60%,7.00%,74,5,-1,96.60%,-0.10%,-0.50%
"Chicago, IL metro area",Nov-14,$184K,-2.60%,7.00%,"7,638",-31.80%,-10.00%,"8,268",-28.50%,-1.10%,"46,383",-7.80%,12.20%,79,5,-1,96.30%,-0.30%,-0.50%
"Chicago, IL metro area",Dec-14,$185K,0.50%,5.70%,"9,035",18.30%,4.70%,"6,563",-20.60%,-3.60%,"40,975",-11.70%,10.40%,82,3,4,96.20%,-0.10%,-0.80%
"Chicago, IL metro area",Jan-15,$175K,-5.40%,6.10%,"6,776",-25.00%,-14.20%,"10,449",59.20%,11.40%,"41,548",1.40%,12.00%,92,10,10,96.10%,-0.10%,-0.70%
"Chicago, IL metro area",Feb-15,$170K,-2.90%,9.70%,"6,038",-10.90%,0.30%,"12,096",15.80%,8.10%,"43,887",5.60%,12.20%,98,6,11,96.00%,-0.10%,-0.80%
"Chicago, IL metro area",Mar-15,$185K,8.80%,10.80%,"8,225",36.20%,16.50%,"17,297",43.00%,16.50%,"48,001",9.40%,13.60%,97,-1,8,96.20%,0.10%,-0.70%
"Chicago, IL metro area",Apr-15,$200K,8.10%,11.10%,"9,743",18.50%,3.70%,"18,529",7.10%,6.50%,"52,582",9.50%,13.20%,80,-17,7,96.60%,0.40%,-0.40%
"Chicago, IL metro area",May-15,$218K,9.00%,11.80%,"11,366",16.70%,14.40%,"17,408",-6.00%,-0.10%,"55,103",4.80%,11.60%,69,-11,5,96.90%,0.30%,-0.20%
"Chicago, IL metro area",Jun-15,$229K,5.00%,6.50%,"14,515",27.70%,34.50%,"16,911",-2.90%,2.20%,"55,711",1.10%,7.20%,66,-3,3,97.10%,0.20%,-0.20%
"Chicago, IL metro area",Jul-15,$227K,-0.90%,5.60%,"13,936",-4.00%,20.80%,"15,405",-8.90%,0.30%,"55,171",-1.00%,2.90%,68,2,7,97.10%,-0.10%,-0.20%
"Chicago, IL metro area",Aug-15,$224K,-1.30%,4.20%,"11,163",-19.90%,-11.80%,"13,625",-11.60%,1.70%,"53,764",-2.60%,1.50%,71,3,8,96.90%,-0.10%,-0.10%
"Chicago, IL metro area",Sep-15,$206K,-8.00%,4.00%,"8,733",-21.80%,2.60%,"12,354",-9.30%,-5.20%,"52,061",-3.20%,-1.20%,74,3,5,96.80%,-0.10%,0.10%
"Chicago, IL metro area",Oct-15,$205K,-0.50%,8.50%,"10,955",25.40%,-2.20%,"11,363",-8.00%,-1.70%,"49,410",-5.10%,-1.70%,77,3,3,96.60%,-0.20%,0.00%
"Chicago, IL metro area",Nov-15,$196K,-4.20%,6.70%,"7,949",-27.40%,4.10%,"8,176",-28.00%,-1.10%,"45,234",-8.50%,-2.50%,78,1,-1,96.40%,-0.20%,0.10%
"Chicago, IL metro area",Dec-15,$200K,1.80%,8.10%,"9,035",13.70%,0.00%,"6,076",-25.70%,-7.40%,"39,094",-13.60%,-4.60%,85,7,3,96.30%,-0.10%,0.10%
"Chicago, IL metro area",Jan-16,$190K,-5.00%,8.50%,"7,578",-16.10%,11.80%,"10,047",65.40%,-3.80%,"39,420",0.80%,-5.10%,93,8,1,96.30%,-0.10%,0.10%
"Chicago, IL metro area",Feb-16,$187K,-1.50%,10.10%,"6,622",-12.60%,9.70%,"14,352",42.80%,18.70%,"43,175",9.50%,-1.60%,99,6,1,96.20%,0.00%,0.20%
"Chicago, IL metro area",Mar-16,$202K,8.10%,9.30%,"8,434",27.40%,2.50%,"17,447",21.60%,0.90%,"47,047",9.00%,-2.00%,95,-4,-2,96.70%,0.50%,0.60%
"Chicago, IL metro area",Apr-16,$225K,11.30%,12.50%,"9,740",15.50%,0.00%,"17,769",1.80%,-4.10%,"50,134",6.60%,-4.70%,73,-22,-7,97.10%,0.40%,0.50%
"Chicago, IL metro area",May-16,$229K,1.80%,5.00%,"11,471",17.80%,0.90%,"17,431",-1.90%,0.10%,"52,080",3.90%,-5.50%,67,-6,-2,97.30%,0.20%,0.40%
"Chicago, IL metro area",Jun-16,$239K,4.40%,4.40%,"13,950",21.60%,-3.90%,"16,727",-4.00%,-1.10%,"52,114",0.10%,-6.50%,64,-3,-2,97.50%,0.20%,0.30%
"Chicago, IL metro area",Jul-16,$240K,0.40%,5.70%,"12,661",-9.20%,-9.10%,"14,452",-13.60%,-6.20%,"51,652",-0.90%,-6.40%,64,0,-4,97.50%,0.00%,0.40%
"Chicago, IL metro area",Aug-16,$230K,-4.00%,2.80%,"13,818",9.10%,23.80%,"13,323",-7.80%,-2.20%,"49,347",-4.50%,-8.20%,68,4,-3,97.30%,-0.20%,0.40%
"Chicago, IL metro area",Sep-16,$220K,-4.50%,6.80%,"11,352",-17.80%,30.00%,"12,346",-7.30%,-0.10%,"48,024",-2.70%,-7.80%,70,2,-4,97.10%,-0.20%,0.30%
"Chicago, IL metro area",Oct-16,$216K,-2.00%,5.10%,"10,274",-9.50%,-6.20%,"10,444",-15.40%,-8.10%,"45,208",-5.90%,-8.50%,74,4,-3,97.10%,-0.10%,0.40%
"Chicago, IL metro area",Nov-16,$215K,-0.30%,9.40%,"8,613",-16.20%,8.40%,"7,970",-23.70%,-2.50%,"40,623",-10.10%,-10.20%,74,0,-4,96.80%,-0.20%,0.40%
"Chicago, IL metro area",Dec-16,$214K,-0.30%,7.20%,"8,572",-0.50%,-5.10%,"5,514",-30.80%,-9.20%,"34,461",-15.20%,-11.90%,80,6,-5,96.70%,-0.10%,0.40%
"Chicago, IL metro area",Jan-17,$210K,-2.10%,10.50%,"8,022",-6.40%,5.90%,"9,986",81.10%,-0.60%,"34,953",1.40%,-11.30%,87,7,-6,96.40%,-0.30%,0.10%
"Chicago, IL metro area",Feb-17,$207K,-1.40%,10.60%,"6,206",-22.60%,-6.30%,"13,197",32.20%,-8.00%,"38,694",10.70%,-10.40%,93,6,-6,96.80%,0.40%,0.60%
"Chicago, IL metro area",Mar-17,$225K,8.70%,11.30%,"9,575",54.30%,13.50%,"16,672",26.30%,-4.40%,"41,198",6.50%,-12.40%,78,-15,-17,97.20%,0.40%,0.50%
"Chicago, IL metro area",Apr-17,$238K,5.80%,5.80%,"11,348",18.50%,16.50%,"15,441",-7.40%,-13.10%,"42,867",4.10%,-14.50%,63,-15,-10,97.60%,0.40%,0.50%
"Los Angeles, CA metro area",Jan-12,$290K,-4.90%,-3.30%,"5,133",-21.90%,0.50%,"8,329",51.80%,-9.90%,"25,134",0.00%,-18.40%,67,2,-2,97.60%,0.10%,-0.40%
"Los Angeles, CA metro area",Feb-12,$300K,3.40%,-4.10%,"5,371",4.60%,12.00%,"8,203",-1.50%,-6.60%,"24,146",-3.90%,-22.10%,66,-1,-9,97.60%,0.00%,-0.40%
"Los Angeles, CA metro area",Mar-12,$310K,3.30%,-3.10%,"6,907",28.60%,3.30%,"8,449",3.00%,-17.80%,"22,472",-6.90%,-27.70%,63,-3,-6,97.90%,0.20%,-0.10%
"Los Angeles, CA metro area",Apr-12,$315K,1.60%,-2.20%,"6,666",-3.50%,5.20%,"7,982",-5.50%,-15.00%,"21,362",-4.90%,-32.00%,53,-10,-5,98.10%,0.20%,0.20%
"Los Angeles, CA metro area",May-12,$319K,1.30%,0.90%,"7,472",12.10%,22.10%,"8,383",5.00%,-13.00%,"19,950",-6.60%,-37.50%,48,-5,-5,98.50%,0.40%,0.50%
"Los Angeles, CA metro area",Jun-12,$328K,2.80%,2.50%,"7,717",3.30%,10.90%,"7,916",-5.60%,-17.90%,"18,762",-6.00%,-41.10%,42,-6,-12,98.80%,0.40%,0.90%
"Los Angeles, CA metro area",Jul-12,$335K,2.10%,3.60%,"7,167",-7.10%,13.90%,"7,658",-3.30%,-13.30%,"17,628",-6.00%,-44.30%,39,-3,-16,99.20%,0.40%,1.30%
"Los Angeles, CA metro area",Aug-12,$336K,0.40%,6.70%,"8,080",12.70%,21.10%,"7,431",-3.00%,-18.20%,"15,890",-9.90%,-48.60%,37,-2,-19,99.10%,-0.10%,1.30%
"Los Angeles, CA metro area",Sep-12,$347K,3.20%,10.20%,"6,348",-21.40%,0.80%,"6,587",-11.40%,-21.00%,"14,602",-8.10%,-51.90%,35,-2,-24,99.10%,0.00%,1.30%
"Los Angeles, CA metro area",Oct-12,$345K,-0.60%,15.00%,"7,310",15.20%,23.30%,"7,071",7.30%,-10.20%,"12,965",-11.20%,-55.40%,34,-1,-28,99.10%,0.10%,1.20%
"Los Angeles, CA metro area",Nov-12,$350K,1.40%,12.90%,"6,698",-8.40%,13.60%,"5,964",-15.70%,-12.20%,"11,697",-9.80%,-57.70%,31,-3,-32,99.40%,0.30%,1.70%
"Los Angeles, CA metro area",Dec-12,$352K,0.60%,15.40%,"7,441",11.10%,13.30%,"4,272",-28.40%,-22.10%,"9,850",-15.80%,-60.80%,29,-2,-36,99.20%,-0.20%,1.70%
"Los Angeles, CA metro area",Jan-13,$345K,-2.00%,19.00%,"5,386",-27.60%,4.90%,"6,928",62.20%,-16.80%,"9,883",0.30%,-60.70%,27,-2,-40,99.40%,0.20%,1.80%
"Los Angeles, CA metro area",Feb-13,$353K,2.30%,17.70%,"5,343",-0.80%,-0.50%,"6,849",-1.10%,-16.50%,"9,699",-1.90%,-59.80%,24,-3,-42,99.60%,0.20%,1.90%
"Los Angeles, CA metro area",Mar-13,$388K,9.90%,25.20%,"6,745",26.20%,-2.30%,"7,535",10.00%,-10.80%,"9,450",-2.60%,-57.90%,19,-5,-44,100.20%,0.60%,2.30%
"Los Angeles, CA metro area",Apr-13,$400K,3.10%,27.00%,"6,883",2.00%,3.30%,"8,535",13.30%,6.90%,"10,229",8.20%,-52.10%,16,-3,-37,100.50%,0.40%,2.40%
"Los Angeles, CA metro area",May-13,$415K,3.80%,30.10%,"7,585",10.20%,1.50%,"8,504",-0.40%,1.40%,"10,762",5.20%,-46.10%,15,-1,-33,100.90%,0.30%,2.40%
"Los Angeles, CA metro area",Jun-13,$435K,4.80%,32.60%,"7,024",-7.40%,-9.00%,"8,555",0.60%,8.10%,"11,918",10.70%,-36.50%,15,0,-27,101.20%,0.30%,2.40%
"Los Angeles, CA metro area",Jul-13,$430K,-1.10%,28.40%,"7,352",4.70%,2.60%,"9,189",7.40%,20.00%,"13,134",10.20%,-25.50%,15,0,-24,101.00%,-0.20%,1.80%
"Los Angeles, CA metro area",Aug-13,$440K,2.30%,30.90%,"7,693",4.60%,-4.80%,"8,623",-6.20%,16.00%,"13,631",3.80%,-14.20%,17,2,-20,100.80%,-0.20%,1.70%
"Los Angeles, CA metro area",Sep-13,$435K,-1.10%,25.40%,"6,187",-19.60%,-2.50%,"7,960",-7.70%,20.80%,"14,484",6.30%,-0.80%,19,2,-16,100.50%,-0.30%,1.40%
"Los Angeles, CA metro area",Oct-13,$435K,0.00%,26.10%,"6,787",9.70%,-7.20%,"7,755",-2.60%,9.70%,"14,330",-1.10%,10.50%,21,2,-13,100.00%,-0.50%,0.90%
"Los Angeles, CA metro area",Nov-13,$430K,-1.10%,22.90%,"5,715",-15.80%,-14.70%,"5,716",-26.30%,-4.20%,"13,270",-7.40%,13.40%,24,3,-7,99.80%,-0.30%,0.40%
"Los Angeles, CA metro area",Dec-13,$436K,1.40%,23.90%,"6,079",6.40%,-18.30%,"4,363",-23.70%,2.10%,"11,748",-11.50%,19.30%,25,1,-4,99.50%,-0.30%,0.30%
"Los Angeles, CA metro area",Jan-14,$424K,-2.70%,23.00%,"4,794",-21.10%,-11.00%,"7,345",68.30%,6.00%,"12,777",8.80%,29.30%,32,7,5,99.20%,-0.30%,-0.20%
"Los Angeles, CA metro area",Feb-14,$435K,2.50%,23.20%,"4,478",-6.60%,-16.20%,"6,873",-6.40%,0.40%,"13,018",1.90%,34.20%,29,-3,5,99.20%,0.00%,-0.40%
"Los Angeles, CA metro area",Mar-14,$450K,3.40%,16.00%,"5,529",23.50%,-18.00%,"8,217",19.60%,9.10%,"13,668",5.00%,44.60%,24,-5,5,99.50%,0.30%,-0.70%
"Los Angeles, CA metro area",Apr-14,$455K,1.10%,13.80%,"6,359",15.00%,-7.60%,"8,282",0.80%,-3.00%,"13,993",2.40%,36.80%,22,-2,6,99.60%,0.10%,-1.00%
"Los Angeles, CA metro area",May-14,$465K,2.20%,12.00%,"6,548",3.00%,-13.70%,"8,556",3.30%,0.60%,"14,453",3.30%,34.30%,21,-1,6,99.70%,0.10%,-1.20%
"Los Angeles, CA metro area",Jun-14,$465K,0.00%,6.90%,"6,470",-1.20%,-7.90%,"8,479",-0.90%,-0.90%,"15,547",7.60%,30.40%,21,0,6,99.80%,0.10%,-1.40%
"Los Angeles, CA metro area",Jul-14,$471K,1.30%,9.50%,"6,836",5.70%,-7.00%,"8,723",2.90%,-5.10%,"16,984",9.20%,29.30%,20,-1,5,99.60%,-0.10%,-1.30%
"Los Angeles, CA metro area",Aug-14,$475K,0.80%,8.00%,"6,507",-4.80%,-15.40%,"7,905",-9.40%,-8.30%,"17,596",3.60%,29.10%,23,3,6,99.30%,-0.30%,-1.50%
"Los Angeles, CA metro area",Sep-14,$470K,-1.10%,8.00%,"5,939",-8.70%,-4.00%,"7,699",-2.60%,-3.30%,"18,211",3.50%,25.70%,30,7,11,99.20%,-0.10%,-1.30%
"Los Angeles, CA metro area",Oct-14,$473K,0.60%,8.70%,"6,584",10.90%,-3.00%,"7,883",2.40%,1.70%,"17,805",-2.20%,24.20%,37,7,16,99.00%,-0.20%,-1.00%
"Los Angeles, CA metro area",Nov-14,$464K,-1.80%,8.00%,"5,114",-22.30%,-10.50%,"5,460",-30.70%,-4.50%,"16,396",-7.90%,23.60%,39,2,15,98.80%,-0.20%,-1.00%
"Los Angeles, CA metro area",Dec-14,$465K,0.20%,6.70%,"6,075",18.80%,-0.10%,"4,301",-21.20%,-1.40%,"13,898",-15.20%,18.30%,43,4,18,98.70%,-0.10%,-0.80%
"Los Angeles, CA metro area",Jan-15,$460K,-1.10%,8.40%,"4,447",-26.80%,-7.20%,"7,310",70.00%,-0.50%,"14,648",5.40%,14.60%,49,6,17,98.40%,-0.40%,-0.80%
"Los Angeles, CA metro area",Feb-15,$470K,2.20%,8.00%,"4,361",-1.90%,-2.60%,"7,281",-0.40%,5.90%,"15,123",3.20%,16.20%,42,-7,13,98.80%,0.40%,-0.40%
"Los Angeles, CA metro area",Mar-15,$478K,1.70%,6.20%,"6,200",42.20%,12.10%,"8,545",17.40%,4.00%,"14,927",-1.30%,9.20%,35,-7,11,99.10%,0.30%,-0.40%
"Los Angeles, CA metro area",Apr-15,$492K,2.90%,8.10%,"6,701",8.10%,5.40%,"8,935",4.60%,7.90%,"15,512",3.90%,10.90%,31,-4,9,99.40%,0.30%,-0.10%
"Los Angeles, CA metro area",May-15,$491K,-0.20%,5.60%,"6,765",1.00%,3.30%,"8,661",-3.10%,1.20%,"15,980",3.00%,10.60%,29,-2,8,99.70%,0.20%,0.00%
"Los Angeles, CA metro area",Jun-15,$504K,2.60%,8.30%,"7,552",11.60%,16.70%,"9,387",8.40%,10.70%,"16,679",4.40%,7.30%,28,-1,7,99.70%,0.00%,-0.10%
"Los Angeles, CA metro area",Jul-15,$505K,0.20%,7.20%,"7,693",1.90%,12.50%,"9,226",-1.70%,5.80%,"17,179",3.00%,1.10%,29,1,9,99.60%,0.00%,0.00%
"Los Angeles, CA metro area",Aug-15,$510K,1.00%,7.40%,"6,685",-13.10%,2.70%,"8,492",-8.00%,7.40%,"17,222",0.30%,-2.10%,30,1,7,99.70%,0.00%,0.40%
"Los Angeles, CA metro area",Sep-15,$499K,-2.20%,6.20%,"6,516",-2.50%,9.70%,"7,851",-7.50%,2.00%,"16,945",-1.60%,-7.00%,31,1,1,99.50%,-0.10%,0.40%
"Los Angeles, CA metro area",Oct-15,$495K,-0.80%,4.70%,"6,547",0.50%,-0.60%,"7,617",-3.00%,-3.40%,"16,245",-4.10%,-8.80%,34,3,-3,99.30%,-0.30%,0.30%
"Los Angeles, CA metro area",Nov-15,$500K,1.00%,7.70%,"4,850",-25.90%,-5.20%,"5,866",-23.00%,7.40%,"14,992",-7.70%,-8.60%,35,1,-4,99.10%,-0.10%,0.30%
"Los Angeles, CA metro area",Dec-15,$508K,1.50%,9.10%,"6,669",37.50%,9.80%,"4,363",-25.60%,1.40%,"12,670",-15.50%,-8.80%,37,2,-6,99.00%,-0.10%,0.30%
"Los Angeles, CA metro area",Jan-16,$500K,-1.50%,8.70%,"4,634",-30.50%,4.20%,"7,070",62.00%,-3.30%,"14,024",10.70%,-4.30%,42,5,-7,98.80%,-0.20%,0.50%
"Los Angeles, CA metro area",Feb-16,$502K,0.30%,6.70%,"4,524",-2.40%,3.70%,"7,609",7.60%,4.50%,"14,673",4.60%,-3.00%,44,2,2,98.90%,0.10%,0.10%
"Los Angeles, CA metro area",Mar-16,$519K,3.50%,8.60%,"6,165",36.30%,-0.60%,"8,761",15.10%,2.50%,"15,230",3.80%,2.00%,35,-9,0,99.50%,0.60%,0.40%
"Los Angeles, CA metro area",Apr-16,$530K,2.10%,7.70%,"6,455",4.70%,-3.70%,"8,901",1.60%,-0.40%,"15,910",4.50%,2.60%,33,-2,2,99.60%,0.10%,0.20%
"Los Angeles, CA metro area",May-16,$540K,1.90%,10.00%,"6,759",4.70%,-0.10%,"8,785",-1.30%,1.40%,"16,381",3.00%,2.50%,34,1,5,99.70%,0.10%,0.10%
"Los Angeles, CA metro area",Jun-16,$545K,0.90%,8.20%,"7,469",10.50%,-1.10%,"9,443",7.50%,0.60%,"17,301",5.60%,3.70%,32,-2,4,99.80%,0.10%,0.20%
"Los Angeles, CA metro area",Jul-16,$540K,-0.90%,6.90%,"6,774",-9.30%,-11.90%,"9,170",-2.90%,-0.60%,"18,765",8.50%,9.20%,33,1,4,99.70%,-0.10%,0.10%
"Los Angeles, CA metro area",Aug-16,$545K,0.90%,6.90%,"7,128",5.20%,6.60%,"9,393",2.40%,10.60%,"19,403",3.40%,12.70%,35,2,5,99.70%,0.00%,0.10%
"Los Angeles, CA metro area",Sep-16,$535K,-1.80%,7.20%,"6,655",-6.60%,2.10%,"8,988",-4.30%,14.50%,"19,941",2.80%,17.70%,39,4,8,99.50%,-0.20%,0.00%
"Los Angeles, CA metro area",Oct-16,$540K,0.90%,9.10%,"6,221",-6.50%,-5.00%,"7,230",-19.60%,-5.10%,"19,219",-3.60%,18.30%,40,1,6,99.30%,-0.20%,0.00%
"Los Angeles, CA metro area",Nov-16,$540K,0.00%,8.00%,"6,077",-2.30%,25.30%,"5,700",-21.20%,-2.80%,"17,586",-8.50%,17.30%,42,2,7,99.30%,0.00%,0.10%
"Los Angeles, CA metro area",Dec-16,$535K,-0.90%,5.40%,"6,333",4.20%,-5.00%,"3,866",-32.20%,-11.40%,"14,559",-17.20%,14.90%,49,7,12,99.10%,-0.20%,0.10%
"Los Angeles, CA metro area",Jan-17,$539K,0.70%,7.70%,"4,784",-24.50%,3.20%,"6,600",70.70%,-6.60%,"14,896",2.30%,6.20%,53,4,11,98.90%,-0.20%,0.00%
"Los Angeles, CA metro area",Feb-17,$540K,0.20%,7.70%,"4,491",-6.10%,-0.70%,"6,574",-0.40%,-13.60%,"15,001",0.70%,2.20%,53,0,9,99.00%,0.20%,0.10%
"Los Angeles, CA metro area",Mar-17,$554K,2.60%,6.70%,"6,627",47.60%,7.50%,"8,930",35.80%,1.90%,"15,424",2.80%,1.30%,42,-11,7,99.50%,0.50%,0.00%
"Los Angeles, CA metro area",Apr-17,$560K,1.10%,5.70%,"5,895",-11.00%,-8.70%,"8,266",-7.40%,-7.10%,"15,374",-0.30%,-3.40%,38,-4,5,100.20%,0.70%,0.60%
"Philadelphia, PA metro area",Jan-12,$195K,-4.50%,-7.20%,"2,166",-18.20%,12.00%,"4,638",88.00%,93.20%,"21,241",11.00%,83.80%,126,0,7,93.50%,-0.70%,-1.00%
"Philadelphia, PA metro area",Feb-12,$193K,-1.20%,-1.30%,"1,897",-12.40%,13.50%,"5,388",16.20%,102.60%,"22,956",8.10%,84.00%,128,2,0,93.30%,-0.20%,-0.70%
"Philadelphia, PA metro area",Mar-12,$195K,1.30%,-4.90%,"2,404",26.70%,5.10%,"6,282",16.60%,56.00%,"22,277",-3.00%,58.90%,129,1,-8,93.80%,0.40%,-0.50%
"Philadelphia, PA metro area",Apr-12,$199K,1.90%,-2.50%,"2,550",6.10%,11.50%,"5,681",-9.60%,39.80%,"22,840",2.50%,48.00%,92,-37,-41,94.10%,0.40%,0.00%
"Philadelphia, PA metro area",May-12,$220K,10.40%,6.80%,"3,418",34.00%,25.10%,"5,383",-5.20%,46.40%,"23,001",0.70%,41.90%,73,-19,-39,95.20%,1.00%,0.30%
"Philadelphia, PA metro area",Jun-12,$230K,4.80%,-1.50%,"3,601",5.40%,7.10%,"4,912",-8.70%,33.80%,"22,497",-2.20%,37.10%,65,-8,-38,95.10%,0.00%,0.20%
"Philadelphia, PA metro area",Jul-12,$232K,1.00%,-1.20%,"3,754",4.20%,25.60%,"4,439",-9.60%,40.50%,"22,007",-2.20%,33.80%,66,1,-41,95.30%,0.10%,0.10%
"Philadelphia, PA metro area",Aug-12,$230K,-0.90%,2.20%,"3,876",3.20%,18.10%,"4,454",0.30%,41.20%,"21,208",-3.60%,29.40%,71,5,-38,95.10%,-0.10%,0.40%
"Philadelphia, PA metro area",Sep-12,$223K,-3.00%,1.50%,"2,887",-25.50%,8.40%,"4,466",0.30%,19.30%,"21,209",0.00%,22.10%,77,6,-39,94.90%,-0.20%,0.30%
"Philadelphia, PA metro area",Oct-12,$210K,-6.10%,4.20%,"3,063",6.10%,24.90%,"4,220",-5.50%,12.10%,"20,507",-3.30%,10.10%,84,7,-39,94.60%,-0.30%,0.40%
"Philadelphia, PA metro area",Nov-12,$212K,1.20%,1.40%,"3,098",1.10%,32.40%,"3,054",-27.60%,-6.40%,"18,887",-7.90%,-2.40%,80,-4,-43,94.60%,0.00%,0.70%
"Philadelphia, PA metro area",Dec-12,$212K,0.00%,3.90%,"3,033",-2.10%,14.60%,"2,235",-26.80%,-9.40%,"17,184",-9.00%,-10.20%,74,-6,-52,94.80%,0.30%,0.60%
"Philadelphia, PA metro area",Jan-13,$200K,-5.70%,2.60%,"3,086",1.70%,42.50%,"4,440",98.70%,-4.30%,"16,894",-1.70%,-20.50%,86,12,-40,94.40%,-0.40%,0.90%
"Philadelphia, PA metro area",Feb-13,$192K,-4.00%,-0.30%,"2,066",-33.10%,8.90%,"4,860",9.50%,-9.80%,"17,491",3.50%,-23.80%,96,10,-32,94.10%,-0.30%,0.70%
"Philadelphia, PA metro area",Mar-13,$207K,7.80%,6.20%,"2,586",25.20%,7.60%,"6,158",26.70%,-2.00%,"18,391",5.10%,-17.40%,86,-10,-43,94.80%,0.70%,1.00%
"Philadelphia, PA metro area",Apr-13,$208K,0.50%,4.70%,"3,397",31.40%,33.20%,"6,945",12.80%,22.20%,"19,801",7.70%,-13.30%,73,-13,-19,95.20%,0.40%,1.00%
"Philadelphia, PA metro area",May-13,$220K,5.80%,0.20%,"3,964",16.70%,16.00%,"6,334",-8.80%,17.70%,"20,243",2.20%,-12.00%,54,-19,-19,96.00%,0.80%,0.80%
"Philadelphia, PA metro area",Jun-13,$239K,8.60%,3.90%,"4,203",6.00%,16.70%,"5,315",-16.10%,8.20%,"20,149",-0.50%,-10.40%,48,-6,-17,96.10%,0.10%,1.00%
"Philadelphia, PA metro area",Jul-13,$248K,3.80%,6.80%,"4,767",13.40%,27.00%,"5,189",-2.40%,16.90%,"20,170",0.10%,-8.30%,48,0,-18,96.30%,0.20%,1.10%
"Philadelphia, PA metro area",Aug-13,$244K,-1.60%,6.10%,"4,525",-5.10%,16.70%,"4,660",-10.20%,4.60%,"19,674",-2.50%,-7.20%,52,4,-19,96.00%,-0.40%,0.80%
"Philadelphia, PA metro area",Sep-13,$224K,-8.20%,0.40%,"3,783",-16.40%,31.00%,"5,089",9.20%,13.90%,"20,236",2.90%,-4.60%,59,7,-18,95.90%,-0.10%,0.90%
"Philadelphia, PA metro area",Oct-13,$218K,-2.70%,4.10%,"3,823",1.10%,24.80%,"4,706",-7.50%,11.50%,"19,764",-2.30%,-3.60%,63,4,-21,95.40%,-0.50%,0.70%
"Philadelphia, PA metro area",Nov-13,$220K,0.90%,3.80%,"3,120",-18.40%,0.70%,"3,378",-28.20%,10.60%,"18,542",-6.20%,-1.80%,67,4,-13,95.30%,-0.10%,0.70%
"Philadelphia, PA metro area",Dec-13,$215K,-2.30%,1.40%,"3,392",8.70%,11.80%,"2,382",-29.50%,6.60%,"16,290",-12.10%,-5.20%,69,2,-5,95.10%,-0.10%,0.30%
"Philadelphia, PA metro area",Jan-14,$210K,-2.30%,5.10%,"2,582",-23.90%,-16.30%,"3,874",62.60%,-12.70%,"16,113",-1.10%,-4.60%,72,3,-14,94.90%,-0.30%,0.50%
"Philadelphia, PA metro area",Feb-14,$195K,-7.10%,1.60%,"1,975",-23.50%,-4.40%,"3,784",-2.30%,-22.10%,"16,201",0.50%,-7.40%,81,9,-15,95.00%,0.10%,0.90%
"Philadelphia, PA metro area",Mar-14,$195K,-0.10%,-5.80%,"2,638",33.60%,2.00%,"6,231",64.70%,1.20%,"17,657",9.00%,-4.00%,85,4,-1,95.20%,0.30%,0.40%
"Philadelphia, PA metro area",Apr-14,$213K,9.20%,2.40%,"3,038",15.20%,-10.60%,"7,443",19.50%,7.20%,"18,985",7.50%,-4.10%,74,-11,1,95.30%,0.10%,0.10%
"Philadelphia, PA metro area",May-14,$220K,3.30%,0.00%,"3,505",15.40%,-11.60%,"7,002",-5.90%,10.50%,"19,900",4.80%,-1.70%,48,-26,-6,95.80%,0.50%,-0.20%
"Philadelphia, PA metro area",Jun-14,$239K,8.60%,0.00%,"4,219",20.40%,0.40%,"6,052",-13.60%,13.90%,"21,014",5.60%,4.30%,42,-6,-6,96.30%,0.50%,0.10%
"Philadelphia, PA metro area",Jul-14,$245K,2.50%,-1.20%,"4,753",12.70%,-0.30%,"5,527",-8.70%,6.50%,"21,707",3.30%,7.60%,37,-5,-11,96.30%,0.10%,0.00%
"Philadelphia, PA metro area",Aug-14,$250K,2.00%,2.50%,"4,750",-0.10%,5.00%,"4,912",-11.10%,5.40%,"21,450",-1.20%,9.00%,42,5,-10,96.00%,-0.30%,0.00%
"Philadelphia, PA metro area",Sep-14,$219K,-12.40%,-2.30%,"3,322",-30.10%,-12.20%,"5,548",12.90%,9.00%,"21,896",2.10%,8.20%,56,14,-3,95.40%,-0.60%,-0.50%
"Philadelphia, PA metro area",Oct-14,$215K,-1.80%,-1.40%,"3,966",19.40%,3.70%,"5,035",-9.20%,7.00%,"21,339",-2.50%,8.00%,64,8,1,95.70%,0.30%,0.30%
"Philadelphia, PA metro area",Nov-14,$212K,-1.40%,-3.60%,"3,115",-21.50%,-0.20%,"3,253",-35.40%,-3.70%,"19,630",-8.00%,5.90%,63,-1,-4,95.50%,-0.10%,0.30%
"Philadelphia, PA metro area",Dec-14,$220K,3.80%,2.30%,"3,822",22.70%,12.70%,"2,636",-19.00%,10.70%,"17,676",-10.00%,8.50%,69,6,0,95.50%,0.00%,0.40%
"Philadelphia, PA metro area",Jan-15,$207K,-5.90%,-1.40%,"2,650",-30.70%,2.60%,"4,184",58.70%,8.00%,"17,215",-2.60%,6.80%,77,8,5,95.10%,-0.40%,0.20%
"Philadelphia, PA metro area",Feb-15,$195K,-5.70%,0.00%,"2,281",-13.90%,15.50%,"4,661",11.40%,23.20%,"17,526",1.80%,8.20%,82,5,1,95.00%,-0.20%,0.00%
"Philadelphia, PA metro area",Mar-15,$200K,2.50%,2.60%,"3,168",38.90%,20.10%,"6,526",40.00%,4.70%,"18,928",8.00%,7.20%,87,5,2,95.30%,0.30%,0.10%
"Philadelphia, PA metro area",Apr-15,$216K,8.00%,1.40%,"3,454",9.00%,13.70%,"7,826",19.90%,5.10%,"20,726",9.50%,9.20%,75,-12,1,95.60%,0.30%,0.20%
"Philadelphia, PA metro area",May-15,$225K,4.20%,2.30%,"3,965",14.80%,13.10%,"7,324",-6.40%,4.60%,"21,795",5.20%,9.50%,48,-27,0,96.30%,0.80%,0.50%
"Philadelphia, PA metro area",Jun-15,$246K,9.30%,2.90%,"5,016",26.50%,18.90%,"6,352",-13.30%,5.00%,"21,807",0.10%,3.80%,44,-4,2,96.70%,0.40%,0.40%
"Philadelphia, PA metro area",Jul-15,$250K,1.60%,2.00%,"6,549",30.60%,37.80%,"5,655",-11.00%,2.30%,"21,323",-2.20%,-1.80%,45,1,8,96.60%,-0.10%,0.30%
"Philadelphia, PA metro area",Aug-15,$241K,-3.60%,-3.60%,"4,753",-27.40%,0.10%,"5,095",-9.90%,3.70%,"20,733",-2.80%,-3.30%,52,7,10,96.70%,0.10%,0.70%
"Philadelphia, PA metro area",Sep-15,$234K,-2.90%,6.90%,"2,999",-36.90%,-9.70%,"5,266",3.40%,-5.10%,"20,801",0.30%,-5.00%,61,9,5,96.30%,-0.30%,0.90%
"Philadelphia, PA metro area",Oct-15,$225K,-3.80%,4.70%,"4,276",42.60%,7.80%,"4,870",-7.50%,-3.30%,"20,039",-3.70%,-6.10%,63,2,-1,96.00%,-0.30%,0.40%
"Philadelphia, PA metro area",Nov-15,$218K,-3.30%,2.60%,"3,453",-19.20%,10.90%,"3,839",-21.20%,18.00%,"18,586",-7.30%,-5.30%,63,0,0,95.80%,-0.20%,0.30%
"Philadelphia, PA metro area",Dec-15,$220K,1.10%,0.00%,"3,973",15.10%,4.00%,"2,815",-26.70%,6.80%,"16,496",-11.20%,-6.70%,64,1,-5,95.90%,0.00%,0.30%
"Philadelphia, PA metro area",Jan-16,$205K,-6.80%,-1.00%,"3,025",-23.90%,14.20%,"3,943",40.10%,-5.80%,"15,979",-3.10%,-7.20%,72,8,-5,95.50%,-0.40%,0.40%
"Philadelphia, PA metro area",Feb-16,$206K,0.50%,5.60%,"2,830",-6.40%,24.10%,"5,041",27.80%,8.20%,"16,398",2.60%,-6.40%,79,7,-3,95.50%,0.00%,0.50%
"Philadelphia, PA metro area",Mar-16,$210K,1.90%,5.00%,"3,460",22.30%,9.20%,"7,264",44.10%,11.30%,"17,772",8.40%,-6.10%,77,-2,-10,95.80%,0.30%,0.50%
"Philadelphia, PA metro area",Apr-16,$220K,4.80%,1.90%,"3,632",5.00%,5.20%,"7,028",-3.20%,-10.20%,"18,323",3.10%,-11.60%,61,-16,-14,96.30%,0.50%,0.80%
"Philadelphia, PA metro area",May-16,$235K,6.80%,4.40%,"4,454",22.60%,12.30%,"6,510",-7.40%,-11.10%,"18,324",0.00%,-15.90%,45,-16,-3,96.90%,0.50%,0.60%
"Philadelphia, PA metro area",Jun-16,$247K,5.20%,0.50%,"5,740",28.90%,14.40%,"6,179",-5.10%,-2.70%,"18,332",0.00%,-15.90%,40,-5,-4,97.00%,0.10%,0.30%
"Philadelphia, PA metro area",Jul-16,$250K,1.10%,0.00%,"5,329",-7.20%,-18.60%,"4,978",-19.40%,-12.00%,"18,531",1.10%,-13.10%,40,0,-5,97.00%,0.00%,0.40%
"Philadelphia, PA metro area",Aug-16,$245K,-2.00%,1.60%,"5,367",0.70%,12.90%,"4,960",-0.40%,-2.60%,"16,924",-8.70%,-18.40%,43,3,-9,97.10%,0.00%,0.40%
"Philadelphia, PA metro area",Sep-16,$235K,-4.00%,0.40%,"4,409",-17.80%,47.00%,"5,216",5.20%,-0.90%,"17,180",1.50%,-17.40%,49,6,-12,96.90%,-0.20%,0.60%
"Philadelphia, PA metro area",Oct-16,$230K,-2.20%,2.20%,"3,946",-10.50%,-7.70%,"4,606",-11.70%,-5.40%,"16,554",-3.60%,-17.40%,51,2,-12,96.80%,-0.20%,0.70%
"Philadelphia, PA metro area",Nov-16,$232K,0.90%,6.70%,"3,790",-4.00%,9.80%,"3,576",-22.40%,-6.90%,"15,052",-9.10%,-19.00%,53,2,-10,96.30%,-0.40%,0.50%
"Philadelphia, PA metro area",Dec-16,$231K,-0.40%,5.00%,"4,229",11.60%,6.40%,"2,570",-28.10%,-8.70%,"13,166",-12.50%,-20.20%,50,-3,-14,96.40%,0.10%,0.60%
"Philadelphia, PA metro area",Jan-17,$217K,-6.10%,5.90%,"3,347",-20.90%,10.60%,"4,223",64.30%,7.10%,"12,922",-1.90%,-19.10%,59,9,-13,96.20%,-0.30%,0.70%
"Philadelphia, PA metro area",Feb-17,$212K,-2.30%,2.90%,"2,767",-17.30%,-2.20%,"5,181",22.70%,2.80%,"13,597",5.20%,-17.10%,62,3,-17,96.20%,0.00%,0.80%
"Philadelphia, PA metro area",Mar-17,$220K,3.80%,4.80%,"3,916",41.50%,13.20%,"6,666",28.70%,-8.20%,"14,108",3.80%,-20.60%,52,-10,-25,96.70%,0.40%,0.90%
"Philadelphia, PA metro area",Apr-17,$235K,6.80%,6.80%,"4,468",14.10%,23.00%,"6,475",-2.90%,-7.90%,"14,873",5.40%,-18.80%,36,-16,-25,97.10%,0.50%,0.80%
"Seattle, WA metro area",Jan-12,$252K,-5.10%,-11.00%,"1,945",-28.90%,16.50%,"2,841",49.10%,-16.90%,"10,587",-5.30%,-27.40%,70,1,-21,97.20%,-0.30%,0.60%
"Seattle, WA metro area",Feb-12,$260K,3.40%,-10.40%,"2,302",18.40%,26.60%,"3,502",23.30%,-6.00%,"10,129",-4.30%,-31.20%,76,6,-14,97.50%,0.30%,0.90%
"Seattle, WA metro area",Mar-12,$274K,5.40%,-5.40%,"2,971",29.10%,8.30%,"4,161",18.80%,-7.10%,"9,695",-4.30%,-35.00%,70,-6,-20,98.00%,0.40%,1.00%
"Seattle, WA metro area",Apr-12,$290K,5.80%,0.30%,"3,202",7.80%,19.50%,"4,297",3.30%,-5.00%,"9,585",-1.10%,-36.70%,49,-21,-21,98.40%,0.40%,1.10%
"Seattle, WA metro area",May-12,$298K,2.80%,7.60%,"3,600",12.40%,24.40%,"4,489",4.50%,2.30%,"9,536",-0.50%,-37.20%,36,-13,-22,98.90%,0.50%,1.50%
"Seattle, WA metro area",Jun-12,$310K,4.00%,8.00%,"3,753",4.30%,12.90%,"4,224",-5.90%,-6.30%,"9,455",-0.80%,-39.00%,32,-4,-20,99.00%,0.10%,1.70%
"Seattle, WA metro area",Jul-12,$309K,-0.20%,9.10%,"3,587",-4.40%,28.70%,"3,961",-6.20%,-1.10%,"9,333",-1.30%,-38.70%,29,-3,-25,99.10%,0.10%,1.80%
"Seattle, WA metro area",Aug-12,$312K,0.80%,10.70%,"3,818",6.40%,20.50%,"3,988",0.70%,1.40%,"9,333",0.00%,-37.30%,31,2,-25,99.00%,-0.10%,1.70%
"Seattle, WA metro area",Sep-12,$313K,0.40%,13.90%,"3,099",-18.80%,10.70%,"3,711",-6.90%,3.90%,"9,154",-1.90%,-36.80%,28,-3,-28,99.10%,0.10%,1.60%
"Seattle, WA metro area",Oct-12,$309K,-1.50%,20.40%,"3,390",9.40%,28.50%,"3,247",-12.50%,3.90%,"8,116",-11.30%,-39.80%,32,4,-25,99.20%,0.20%,1.80%
"Seattle, WA metro area",Nov-12,$320K,3.60%,18.40%,"3,152",-7.00%,21.00%,"2,500",-23.00%,-6.10%,"7,169",-11.70%,-42.40%,32,0,-31,98.90%,-0.30%,1.60%
"Seattle, WA metro area",Dec-12,$310K,-3.00%,17.00%,"3,117",-1.10%,14.00%,"1,797",-28.10%,-5.70%,"6,426",-10.40%,-42.50%,38,6,-31,98.90%,0.00%,1.40%
"Seattle, WA metro area",Jan-13,$290K,-6.50%,15.30%,"2,292",-26.50%,17.80%,"3,286",82.90%,15.70%,"6,160",-4.10%,-41.80%,40,2,-30,99.20%,0.20%,1.90%
"Seattle, WA metro area",Feb-13,$310K,6.90%,19.30%,"2,470",7.80%,7.30%,"3,716",13.10%,6.10%,"6,227",1.10%,-38.50%,39,-1,-37,99.50%,0.40%,2.00%
"Seattle, WA metro area",Mar-13,$325K,4.80%,18.60%,"3,368",36.40%,13.40%,"4,445",19.60%,6.80%,"6,134",-1.50%,-36.70%,23,-16,-47,100.00%,0.50%,2.00%
"Seattle, WA metro area",Apr-13,$329K,1.20%,13.50%,"3,813",13.20%,19.10%,"4,916",10.60%,14.40%,"6,555",6.90%,-31.60%,15,-8,-34,100.50%,0.50%,2.10%
"Seattle, WA metro area",May-13,$349K,6.00%,17.10%,"4,321",13.30%,20.00%,"5,674",15.40%,26.40%,"7,516",14.70%,-21.20%,12,-3,-24,100.90%,0.40%,1.90%
"Seattle, WA metro area",Jun-13,$350K,0.30%,12.90%,"4,190",-3.00%,11.60%,"5,345",-5.80%,26.50%,"8,247",9.70%,-12.80%,12,0,-20,100.80%,0.00%,1.80%
"Seattle, WA metro area",Jul-13,$363K,3.80%,17.30%,"4,541",8.40%,26.60%,"5,243",-1.90%,32.40%,"8,994",9.10%,-3.60%,12,0,-17,100.80%,0.00%,1.70%
"Seattle, WA metro area",Aug-13,$355K,-2.20%,13.80%,"4,362",-3.90%,14.20%,"4,899",-6.60%,22.80%,"9,494",5.60%,1.70%,14,2,-17,100.30%,-0.50%,1.30%
"Seattle, WA metro area",Sep-13,$352K,-0.80%,12.30%,"3,737",-14.30%,20.60%,"4,271",-12.80%,15.10%,"9,660",1.70%,5.50%,17,3,-11,100.00%,-0.30%,1.00%
"Seattle, WA metro area",Oct-13,$350K,-0.60%,13.50%,"3,813",2.00%,12.50%,"3,800",-11.00%,17.00%,"9,087",-5.90%,12.00%,21,4,-11,99.60%,-0.40%,0.40%
"Seattle, WA metro area",Nov-13,$346K,-1.10%,8.30%,"3,002",-21.30%,-4.80%,"2,586",-31.90%,3.40%,"7,977",-12.20%,11.30%,27,6,-5,99.40%,-0.20%,0.50%
"Seattle, WA metro area",Dec-13,$350K,1.10%,12.90%,"3,180",5.90%,2.00%,"1,808",-30.10%,0.60%,"7,055",-11.60%,9.80%,35,8,-3,99.10%,-0.30%,0.20%
"Seattle, WA metro area",Jan-14,$330K,-5.70%,13.80%,"2,192",-31.10%,-4.40%,"3,195",76.70%,-2.80%,"6,773",-4.00%,10.00%,44,9,4,99.00%,-0.10%,-0.10%
"Seattle, WA metro area",Feb-14,$348K,5.30%,12.10%,"2,487",13.50%,0.70%,"3,457",8.20%,-7.00%,"6,793",0.30%,9.10%,40,-4,1,99.60%,0.60%,0.10%
"Seattle, WA metro area",Mar-14,$345K,-0.70%,6.20%,"3,261",31.10%,-3.20%,"4,397",27.20%,-1.10%,"6,788",-0.10%,10.70%,23,-17,0,99.90%,0.20%,-0.10%
"Seattle, WA metro area",Apr-14,$355K,2.90%,7.90%,"3,772",15.70%,-1.10%,"5,052",14.90%,2.80%,"7,109",4.70%,8.50%,15,-8,0,100.40%,0.50%,-0.10%
"Seattle, WA metro area",May-14,$366K,3.10%,4.90%,"4,021",6.60%,-6.90%,"5,992",18.60%,5.60%,"7,775",9.40%,3.40%,13,-2,1,100.40%,0.00%,-0.50%
"Seattle, WA metro area",Jun-14,$385K,5.20%,10.00%,"4,409",9.60%,5.20%,"5,342",-10.80%,-0.10%,"8,476",9.00%,2.80%,12,-1,0,100.30%,0.00%,-0.50%
"Seattle, WA metro area",Jul-14,$380K,-1.30%,4.60%,"4,431",0.50%,-2.40%,"5,327",-0.30%,1.60%,"9,592",13.20%,6.60%,14,2,2,100.00%,-0.30%,-0.80%
"Seattle, WA metro area",Aug-14,$370K,-2.60%,4.20%,"4,139",-6.60%,-5.10%,"4,581",-14.00%,-6.50%,"9,659",0.70%,1.70%,18,4,4,99.70%,-0.40%,-0.70%
"Seattle, WA metro area",Sep-14,$380K,2.70%,7.90%,"3,765",-9.00%,0.70%,"4,252",-7.20%,-0.40%,"9,489",-1.80%,-1.80%,21,3,4,99.40%,-0.20%,-0.60%
"Seattle, WA metro area",Oct-14,$371K,-2.40%,6.00%,"4,015",6.60%,5.30%,"3,838",-9.70%,1.00%,"8,775",-7.50%,-3.40%,28,7,7,99.30%,-0.20%,-0.30%
"Seattle, WA metro area",Nov-14,$372K,0.30%,7.50%,"3,135",-21.90%,4.40%,"2,421",-36.90%,-6.40%,"7,455",-15.00%,-6.50%,31,3,4,99.00%,-0.20%,-0.40%
"Seattle, WA metro area",Dec-14,$370K,-0.60%,5.70%,"3,442",9.80%,8.20%,"1,802",-25.60%,-0.30%,"6,332",-15.10%,-10.20%,38,7,3,99.20%,0.10%,0.00%
"Seattle, WA metro area",Jan-15,$360K,-2.70%,9.10%,"2,310",-32.90%,5.40%,"3,242",79.90%,1.50%,"5,943",-6.10%,-12.30%,43,5,-1,99.10%,-0.10%,0.10%
"Seattle, WA metro area",Feb-15,$360K,0.00%,3.60%,"2,629",13.80%,5.70%,"3,930",21.20%,13.70%,"5,937",-0.10%,-12.60%,40,-3,0,99.70%,0.60%,0.10%
"Seattle, WA metro area",Mar-15,$385K,6.90%,11.60%,"3,861",46.90%,18.40%,"5,155",31.20%,17.20%,"5,993",0.90%,-11.70%,17,-23,-6,100.50%,0.80%,0.60%
"Seattle, WA metro area",Apr-15,$400K,3.90%,12.70%,"4,417",14.40%,17.10%,"5,729",11.10%,13.40%,"6,340",5.80%,-10.80%,10,-7,-5,101.00%,0.50%,0.60%
"Seattle, WA metro area",May-15,$399K,-0.30%,8.90%,"4,614",4.50%,14.70%,"5,830",1.80%,-2.70%,"6,791",7.10%,-12.70%,9,-1,-4,101.30%,0.30%,1.00%
"Seattle, WA metro area",Jun-15,$415K,4.10%,7.80%,"5,184",12.40%,17.60%,"5,661",-2.90%,6.00%,"7,066",4.00%,-16.60%,10,1,-2,101.40%,0.10%,1.10%
"Seattle, WA metro area",Jul-15,$410K,-1.20%,7.90%,"5,238",1.00%,18.20%,"5,347",-5.50%,0.40%,"7,285",3.10%,-24.10%,11,1,-3,101.10%,-0.30%,1.10%
"Seattle, WA metro area",Aug-15,$413K,0.70%,11.60%,"4,650",-11.20%,12.30%,"4,825",-9.80%,5.30%,"7,320",0.50%,-24.20%,14,3,-4,100.80%,-0.30%,1.20%
"Seattle, WA metro area",Sep-15,$400K,-3.10%,5.30%,"4,344",-6.60%,15.40%,"4,377",-9.30%,2.90%,"7,045",-3.80%,-25.80%,13,-1,-8,100.60%,-0.20%,1.10%
"Seattle, WA metro area",Oct-15,$405K,1.30%,9.20%,"4,110",-5.40%,2.40%,"3,891",-11.10%,1.40%,"6,379",-9.50%,-27.30%,15,2,-13,100.40%,-0.20%,1.20%
"Seattle, WA metro area",Nov-15,$405K,0.00%,8.90%,"3,177",-22.70%,1.30%,"2,425",-37.70%,0.20%,"5,012",-21.40%,-32.80%,18,3,-13,100.30%,-0.10%,1.30%
"Seattle, WA metro area",Dec-15,$401K,-1.10%,8.30%,"3,867",21.70%,12.30%,"1,870",-22.90%,3.80%,"4,095",-18.30%,-35.30%,24,6,-14,100.00%,-0.30%,0.90%
"Seattle, WA metro area",Jan-16,$407K,1.60%,13.10%,"2,365",-38.80%,2.40%,"3,200",71.10%,-1.30%,"4,050",-1.10%,-31.90%,23,-1,-20,100.20%,0.10%,1.10%
"Seattle, WA metro area",Feb-16,$403K,-1.00%,11.90%,"2,736",15.70%,4.10%,"3,869",20.90%,-1.60%,"4,056",0.10%,-31.70%,13,-10,-27,101.20%,1.10%,1.50%
"Seattle, WA metro area",Mar-16,$424K,5.20%,10.00%,"3,848",40.60%,-0.30%,"5,214",34.80%,1.10%,"4,401",8.50%,-26.60%,8,-5,-9,102.30%,1.00%,1.80%
"Seattle, WA metro area",Apr-16,$430K,1.50%,7.50%,"4,043",5.10%,-8.50%,"5,789",11.00%,1.00%,"5,138",16.70%,-19.00%,8,0,-2,102.90%,0.60%,1.90%
"Seattle, WA metro area",May-16,$440K,2.30%,10.30%,"4,671",15.50%,1.20%,"5,875",1.50%,0.80%,"5,330",3.70%,-21.50%,7,-1,-2,103.20%,0.30%,1.80%
"Seattle, WA metro area",Jun-16,$463K,5.10%,11.40%,"5,424",16.10%,4.60%,"6,245",6.30%,10.30%,"6,125",14.90%,-13.30%,8,1,-2,102.70%,-0.50%,1.20%
"Seattle, WA metro area",Jul-16,$450K,-2.70%,9.80%,"5,004",-7.70%,-4.50%,"5,775",-7.50%,8.00%,"6,710",9.60%,-7.90%,8,0,-3,102.10%,-0.60%,1.00%
"Seattle, WA metro area",Aug-16,$450K,0.00%,9.00%,"5,253",5.00%,13.00%,"5,304",-8.20%,9.90%,"6,684",-0.40%,-8.70%,10,2,-4,101.50%,-0.60%,0.70%
"Seattle, WA metro area",Sep-16,$450K,0.00%,12.50%,"4,771",-9.20%,9.80%,"5,158",-2.80%,17.80%,"6,995",4.70%,-0.70%,12,2,-1,101.00%,-0.50%,0.40%
"Seattle, WA metro area",Oct-16,$440K,-2.20%,8.60%,"4,443",-6.90%,8.10%,"3,541",-31.30%,-9.00%,"5,834",-16.60%,-8.50%,13,1,-2,100.90%,-0.10%,0.40%
"Seattle, WA metro area",Nov-16,$455K,3.40%,12.30%,"4,112",-7.40%,29.40%,"2,633",-25.60%,8.60%,"4,577",-21.50%,-8.70%,15,2,-3,100.50%,-0.30%,0.20%
"Seattle, WA metro area",Dec-16,$460K,1.10%,14.90%,"3,795",-7.70%,-1.90%,"1,766",-32.90%,-5.60%,"3,370",-26.40%,-17.70%,19,4,-5,100.60%,0.10%,0.60%
"Seattle, WA metro area",Jan-17,$440K,-4.30%,8.10%,"2,837",-25.20%,20.00%,"3,008",70.30%,-6.00%,"3,041",-9.80%,-24.90%,27,8,4,100.50%,-0.10%,0.30%
"Seattle, WA metro area",Feb-17,$458K,4.10%,13.70%,"2,792",-1.60%,2.00%,"3,290",9.40%,-15.00%,"2,841",-6.60%,-30.00%,12,-15,-1,102.10%,1.60%,0.90%
"Seattle, WA metro area",Mar-17,$480K,4.80%,13.30%,"3,907",39.90%,1.50%,"4,970",51.10%,-4.70%,"3,196",12.50%,-27.40%,8,-4,0,103.30%,1.20%,1.10%
"Seattle, WA metro area",Apr-17,$505K,5.20%,17.40%,"3,757",-3.80%,-7.10%,"4,895",-1.50%,-15.40%,"3,324",4.00%,-35.30%,7,-1,-1,104.40%,1.00%,1.50%
"Washington, DC metro area",Jan-12,$282K,-5.50%,2.50%,"4,280",-17.10%,0.00%,"5,829",56.10%,-4.30%,"17,186",-4.40%,-23.10%,66,8,0,97.40%,-0.10%,-0.20%
"Washington, DC metro area",Feb-12,$283K,0.20%,4.60%,"4,153",-3.00%,1.90%,"6,835",17.30%,2.30%,"17,247",0.40%,-22.60%,67,1,-3,97.60%,0.20%,0.00%
"Washington, DC metro area",Mar-12,$305K,8.00%,7.60%,"5,136",23.70%,-8.10%,"9,799",43.40%,0.00%,"18,433",6.90%,-21.80%,54,-13,-13,97.80%,0.30%,0.10%
"Washington, DC metro area",Apr-12,$322K,5.60%,7.40%,"5,579",8.60%,2.50%,"9,052",-7.60%,-10.10%,"18,902",2.50%,-24.90%,35,-19,-14,98.10%,0.30%,0.50%
"Washington, DC metro area",May-12,$342K,6.20%,8.60%,"6,964",24.80%,12.10%,"8,612",-4.90%,-4.00%,"18,847",-0.30%,-25.50%,26,-9,-11,98.50%,0.30%,0.60%
"Washington, DC metro area",Jun-12,$350K,2.30%,9.80%,"7,546",8.40%,3.50%,"7,880",-8.50%,-7.80%,"18,680",-0.90%,-25.90%,27,1,-8,98.50%,0.00%,0.70%
"Washington, DC metro area",Jul-12,$360K,2.90%,6.80%,"6,301",-16.50%,6.00%,"6,796",-13.80%,-8.00%,"17,836",-4.50%,-27.50%,29,2,-9,98.50%,0.00%,0.60%
"Washington, DC metro area",Aug-12,$344K,-4.60%,5.70%,"6,899",9.50%,6.30%,"6,899",1.50%,2.40%,"17,249",-3.30%,-27.10%,34,5,-11,98.30%,-0.30%,0.40%
"Washington, DC metro area",Sep-12,$334K,-2.80%,7.70%,"5,200",-24.60%,-1.70%,"7,007",1.60%,-1.80%,"17,411",0.90%,-26.80%,37,3,-11,98.30%,0.00%,0.60%
"Washington, DC metro area",Oct-12,$324K,-3.00%,14.90%,"5,592",7.50%,17.60%,"6,289",-10.20%,0.90%,"16,167",-7.10%,-27.90%,35,-2,-20,98.30%,0.00%,0.80%
"Washington, DC metro area",Nov-12,$332K,2.50%,12.30%,"5,911",5.70%,25.90%,"4,878",-22.40%,-0.40%,"14,593",-9.70%,-28.60%,33,-2,-23,98.40%,0.10%,0.70%
"Washington, DC metro area",Dec-12,$332K,0.00%,11.20%,"5,327",-9.90%,3.20%,"3,611",-26.00%,-3.30%,"12,832",-12.10%,-28.60%,38,5,-20,98.30%,0.00%,0.90%
"Washington, DC metro area",Jan-13,$317K,-4.40%,12.60%,"4,914",-7.80%,14.80%,"5,666",56.90%,-2.80%,"12,112",-5.60%,-29.50%,45,7,-21,98.40%,0.00%,1.00%
"Washington, DC metro area",Feb-13,$312K,-1.90%,10.30%,"4,290",-12.70%,3.30%,"6,655",17.50%,-2.60%,"12,377",2.20%,-28.20%,42,-3,-25,98.50%,0.10%,0.90%
"Washington, DC metro area",Mar-13,$341K,9.50%,11.80%,"5,445",26.90%,6.00%,"8,709",30.90%,-11.10%,"12,995",5.00%,-29.50%,28,-14,-26,98.70%,0.20%,0.90%
"Washington, DC metro area",Apr-13,$355K,4.10%,10.20%,"6,351",16.60%,13.80%,"10,679",22.60%,18.00%,"14,423",11.00%,-23.70%,18,-10,-17,99.10%,0.40%,1.00%
"Washington, DC metro area",May-13,$375K,5.60%,9.60%,"7,750",22.00%,11.30%,"10,783",1.00%,25.20%,"15,986",10.80%,-15.20%,14,-4,-12,99.30%,0.20%,0.80%
"Washington, DC metro area",Jun-13,$388K,3.60%,10.90%,"8,662",11.80%,14.80%,"9,013",-16.40%,14.40%,"16,445",2.90%,-12.00%,14,0,-13,99.50%,0.10%,1.00%
"Washington, DC metro area",Jul-13,$385K,-0.80%,6.90%,"7,624",-12.00%,21.00%,"8,585",-4.70%,26.30%,"16,712",1.60%,-6.30%,17,3,-12,99.30%,-0.10%,0.80%
"Washington, DC metro area",Aug-13,$375K,-2.60%,9.20%,"7,715",1.20%,11.80%,"7,976",-7.10%,15.60%,"17,026",1.90%,-1.30%,20,3,-14,99.20%,-0.20%,0.90%
"Washington, DC metro area",Sep-13,$352K,-6.00%,5.50%,"6,176",-19.90%,18.80%,"8,222",3.10%,17.30%,"18,139",6.50%,4.20%,24,4,-13,99.10%,-0.10%,0.80%
"Washington, DC metro area",Oct-13,$350K,-0.70%,8.00%,"6,356",2.90%,13.70%,"7,474",-9.10%,18.80%,"17,949",-1.00%,11.00%,25,1,-10,99.10%,0.00%,0.80%
"Washington, DC metro area",Nov-13,$350K,0.00%,5.40%,"5,197",-18.20%,-12.10%,"5,346",-28.50%,9.60%,"16,256",-9.40%,11.40%,30,5,-3,98.90%,-0.20%,0.60%
"Washington, DC metro area",Dec-13,$365K,4.30%,9.90%,"5,705",9.80%,7.10%,"3,672",-31.30%,1.70%,"14,366",-11.60%,12.00%,34,4,-4,98.80%,-0.10%,0.50%
"Washington, DC metro area",Jan-14,$335K,-8.20%,5.50%,"4,319",-24.30%,-12.10%,"5,905",60.80%,4.20%,"13,983",-2.70%,15.40%,42,8,-3,98.40%,-0.30%,0.10%
"Washington, DC metro area",Feb-14,$330K,-1.50%,5.90%,"4,164",-3.60%,-2.90%,"6,678",13.10%,0.30%,"14,535",3.90%,17.40%,45,3,3,98.40%,0.00%,-0.10%
"Washington, DC metro area",Mar-14,$345K,4.50%,1.20%,"5,343",28.30%,-1.90%,"9,286",39.10%,6.60%,"15,857",9.10%,22.00%,34,-11,6,98.80%,0.40%,0.10%
"Washington, DC metro area",Apr-14,$365K,5.80%,2.80%,"5,973",11.80%,-6.00%,"11,328",22.00%,6.10%,"17,924",13.00%,24.30%,22,-12,4,98.80%,0.00%,-0.30%
"Washington, DC metro area",May-14,$383K,4.80%,2.00%,"6,924",15.90%,-10.70%,"11,736",3.60%,8.80%,"19,730",10.10%,23.40%,18,-4,4,99.10%,0.30%,-0.20%
"Washington, DC metro area",Jun-14,$385K,0.70%,-0.80%,"8,004",15.60%,-7.60%,"9,898",-15.70%,9.80%,"21,467",8.80%,30.50%,19,1,5,99.10%,0.00%,-0.40%
"Washington, DC metro area",Jul-14,$390K,1.20%,1.20%,"7,538",-5.80%,-1.10%,"9,076",-8.30%,5.70%,"22,793",6.20%,36.40%,20,1,3,99.00%,-0.10%,-0.30%
"Washington, DC metro area",Aug-14,$375K,-3.80%,0.00%,"7,314",-3.00%,-5.20%,"7,926",-12.70%,-0.60%,"22,760",-0.10%,33.70%,27,7,7,98.70%,-0.30%,-0.50%
"Washington, DC metro area",Sep-14,$360K,-4.00%,2.20%,"5,558",-24.00%,-10.00%,"8,461",6.70%,2.90%,"23,388",2.80%,28.90%,34,7,10,98.60%,-0.10%,-0.50%
"Washington, DC metro area",Oct-14,$357K,-0.70%,2.10%,"6,288",13.10%,-1.10%,"7,655",-9.50%,2.40%,"22,558",-3.50%,25.70%,39,5,14,98.50%,-0.10%,-0.60%
"Washington, DC metro area",Nov-14,$360K,0.70%,2.90%,"5,026",-20.10%,-3.30%,"5,054",-34.00%,-5.50%,"19,538",-13.40%,20.20%,41,2,11,98.30%,-0.20%,-0.60%
"Washington, DC metro area",Dec-14,$370K,2.80%,1.40%,"6,399",27.30%,12.20%,"4,105",-18.80%,11.80%,"17,028",-12.80%,18.50%,49,8,15,98.40%,0.00%,-0.40%
"Washington, DC metro area",Jan-15,$346K,-6.50%,3.30%,"4,296",-32.90%,-0.50%,"6,254",52.40%,5.90%,"16,370",-3.90%,17.10%,58,9,16,98.00%,-0.40%,-0.40%
"Washington, DC metro area",Feb-15,$350K,1.10%,6.10%,"4,253",-1.00%,2.10%,"7,348",17.50%,10.00%,"16,731",2.20%,15.10%,62,4,17,98.20%,0.20%,-0.20%
"Washington, DC metro area",Mar-15,$360K,2.90%,4.30%,"5,812",36.70%,8.80%,"10,778",46.70%,16.10%,"18,586",11.10%,17.20%,46,-16,12,98.50%,0.30%,-0.30%
"Washington, DC metro area",Apr-15,$370K,2.80%,1.40%,"6,852",17.90%,14.70%,"13,094",21.50%,15.60%,"21,809",17.30%,21.70%,28,-18,6,98.90%,0.40%,0.00%
"Washington, DC metro area",May-15,$380K,2.70%,-0.70%,"7,266",6.00%,4.90%,"12,206",-6.80%,4.00%,"23,909",9.60%,21.20%,22,-6,4,98.90%,0.10%,-0.20%
"Washington, DC metro area",Jun-15,$382K,0.40%,-0.90%,"10,725",47.60%,34.00%,"10,329",-15.40%,4.40%,"24,341",1.80%,13.40%,21,-1,2,99.00%,0.10%,-0.10%
"Washington, DC metro area",Jul-15,$390K,2.20%,0.10%,"8,710",-18.80%,15.50%,"9,801",-5.10%,8.00%,"24,520",0.70%,7.60%,26,5,6,98.80%,-0.20%,-0.20%
"Washington, DC metro area",Aug-15,$384K,-1.50%,2.40%,"6,821",-21.70%,-6.70%,"8,369",-14.60%,5.60%,"23,987",-2.20%,5.40%,35,9,8,98.70%,-0.10%,0.00%
"Washington, DC metro area",Sep-15,$352K,-8.30%,-2.20%,"5,950",-12.80%,7.10%,"8,963",7.10%,5.90%,"24,324",1.40%,4.00%,38,3,4,98.60%,-0.10%,0.00%
"Washington, DC metro area",Oct-15,$365K,3.70%,2.10%,"6,404",7.60%,1.80%,"8,150",-9.10%,6.50%,"23,338",-4.10%,3.50%,41,3,2,98.50%,-0.10%,0.00%
"Washington, DC metro area",Nov-15,$355K,-2.70%,-1.40%,"5,513",-13.90%,9.70%,"5,449",-33.10%,7.80%,"20,246",-13.20%,3.60%,42,1,1,98.50%,0.00%,0.10%
"Washington, DC metro area",Dec-15,$363K,2.40%,-1.80%,"7,187",30.40%,12.30%,"4,401",-19.20%,7.20%,"17,209",-15.00%,1.10%,48,6,-1,98.50%,0.00%,0.10%
"Washington, DC metro area",Jan-16,$345K,-5.10%,-0.30%,"4,449",-38.10%,3.60%,"5,608",27.40%,-10.30%,"16,196",-5.90%,-1.10%,56,8,-2,98.20%,-0.30%,0.20%
"Washington, DC metro area",Feb-16,$355K,2.90%,1.40%,"5,132",15.40%,20.70%,"7,661",36.60%,4.30%,"16,183",-0.10%,-3.30%,62,6,0,98.20%,0.10%,0.00%
"Washington, DC metro area",Mar-16,$350K,-1.40%,-2.80%,"6,430",25.30%,10.60%,"12,601",64.50%,16.90%,"18,728",15.70%,0.80%,50,-12,4,98.50%,0.30%,0.00%
"Washington, DC metro area",Apr-16,$375K,7.20%,1.40%,"6,943",8.00%,1.30%,"13,173",4.50%,0.60%,"20,872",11.40%,-4.30%,27,-23,-1,98.80%,0.30%,0.00%
"Washington, DC metro area",May-16,$385K,2.70%,1.30%,"8,691",25.20%,19.60%,"11,060",-16.00%,-9.40%,"21,109",1.10%,-11.70%,19,-8,-3,99.10%,0.30%,0.20%
"Washington, DC metro area",Jun-16,$390K,1.20%,2.10%,"10,040",15.50%,-6.40%,"10,612",-4.10%,2.70%,"21,425",1.50%,-12.00%,21,2,0,99.10%,0.00%,0.10%
"Washington, DC metro area",Jul-16,$394K,1.10%,1.10%,"8,328",-17.10%,-4.40%,"9,018",-15.00%,-8.00%,"20,961",-2.20%,-14.50%,24,3,-2,99.00%,-0.10%,0.20%
"Washington, DC metro area",Aug-16,$385K,-2.30%,0.30%,"8,598",3.20%,26.10%,"8,130",-9.80%,-2.90%,"19,948",-4.80%,-16.80%,30,6,-5,98.90%,-0.10%,0.20%
"Washington, DC metro area",Sep-16,$371K,-3.70%,5.30%,"7,006",-18.50%,17.70%,"8,860",9.00%,-1.10%,"20,337",2.00%,-16.40%,33,3,-5,98.80%,-0.10%,0.20%
"Washington, DC metro area",Oct-16,$370K,-0.20%,1.30%,"6,922",-1.20%,8.10%,"7,376",-16.70%,-9.50%,"19,030",-6.40%,-18.50%,33,0,-8,98.90%,0.10%,0.40%
"Washington, DC metro area",Nov-16,$362K,-2.10%,2.00%,"6,511",-5.90%,18.10%,"5,813",-21.20%,6.70%,"16,748",-12.00%,-17.30%,33,0,-9,98.70%,-0.10%,0.30%
"Washington, DC metro area",Dec-16,$378K,4.40%,4.00%,"6,901",6.00%,-4.00%,"4,422",-23.90%,0.50%,"14,198",-15.20%,-17.50%,39,6,-9,98.60%,-0.20%,0.10%
"Washington, DC metro area",Jan-17,$355K,-6.00%,3.00%,"5,851",-15.20%,31.50%,"6,302",42.50%,12.40%,"13,409",-5.60%,-17.20%,44,5,-12,98.50%,-0.10%,0.30%
"Washington, DC metro area",Feb-17,$340K,-4.30%,-4.20%,"6,088",4.10%,18.60%,"8,259",31.10%,7.80%,"13,971",4.20%,-13.70%,44,0,-18,98.70%,0.20%,0.50%
"Washington, DC metro area",Mar-17,$367K,7.90%,4.80%,"7,782",27.80%,21.00%,"12,385",50.00%,-1.70%,"15,831",13.30%,-15.50%,27,-17,-23,99.00%,0.30%,0.40%
"Washington, DC metro area",Apr-17,$392K,6.90%,4.50%,"7,932",1.90%,14.20%,"11,486",-7.30%,-12.80%,"16,588",4.80%,-20.50%,16,-11,-11,99.30%,0.30%,0.50%
